temp_c,pressure_kpa,pass
188.7,64.3,1
171.9,39.0,1
192.9,73.4,0
184.9,55.6,1
154.7,27.6,0
198.8,28.6,0
188.1,61.6,1
189.3,30.4,0
156.4,50.4,0
172.5,79.5,0
168.5,20.2,0
196.3,21.0,0
182.2,79.6,0
191.1,55.1,0
172.2,27.6,0
161.4,73.8,0
177.7,72.8,1
153.2,52.2,0
191.4,57.3,0
181.6,36.4,0
187.9,23.0,0
167.7,55.7,1
198.5,37.7,0
194.7,59.8,0
188.9,70.2,0
159.7,21.1,0
173.3,55.7,1
152.2,33.9,0
157.7,72.4,0
184.2,35.2,1
187.2,56.6,1
198.4,53.2,0
166.3,43.8,1
168.5,60.7,1
173.5,63.5,1
159.5,54.0,0
156.5,65.5,0
173.8,79.0,0
161.3,45.2,1
183.5,50.9,1
171.9,20.7,0
191.6,67.8,0
185.0,51.2,1
165.6,44.5,1
191.6,25.6,0
190.2,73.4,0
169.4,43.7,1
164.4,61.0,1
184.1,29.0,0
157.0,77.7,0
160.0,30.7,0
150.4,32.0,0
189.3,71.5,0
183.2,74.8,0
185.3,32.7,0
189.0,48.2,1
172.9,64.0,1
178.4,72.7,0
157.0,42.7,0
155.7,51.0,1
183.4,64.5,1
173.6,63.9,1
178.3,67.0,0
188.2,54.2,1
181.7,26.3,0
177.7,74.2,0
178.0,71.9,0
165.2,67.9,0
151.5,26.0,0
171.8,32.3,0
160.7,64.6,1
170.4,21.4,0
192.7,78.8,0
161.7,42.6,1
152.9,63.2,0
164.1,73.3,0
164.7,43.7,1
183.1,39.1,1
177.9,56.5,1
189.2,54.9,1
183.2,44.5,1
170.3,56.1,1
190.7,76.1,0
158.3,48.1,0
151.1,31.8,0
154.5,42.6,0
186.1,43.6,1
173.1,27.9,0
158.1,29.8,0
175.1,61.1,1
157.6,40.4,0
184.8,77.3,0
172.3,34.6,0
169.1,25.9,0
165.1,65.2,0
181.5,72.9,0
168.1,36.7,1
154.4,32.1,0
155.9,31.1,0
198.1,51.3,0
195.4,48.1,0
185.0,35.6,1
163.3,22.7,0
198.5,48.9,0
188.9,77.6,0
185.8,59.2,1
172.5,49.7,1
163.6,26.6,0
154.8,35.1,0
195.1,37.7,0
172.8,65.9,0
160.1,72.6,0
165.3,74.1,0
179.0,79.1,0
158.8,78.9,0
192.8,77.2,0
187.9,24.3,0
186.0,28.3,0
171.6,38.3,1
181.4,53.2,1
179.2,25.8,1
182.5,70.7,0
154.2,57.0,0
170.8,52.5,1
152.1,29.9,0
174.7,35.2,1
166.5,29.6,0
157.2,71.1,0
155.2,55.1,1
179.4,64.1,1
158.5,37.8,0
196.3,42.3,0
179.1,44.3,1
167.3,65.6,0
179.5,66.3,0
151.1,32.4,0
197.9,76.5,0
174.1,27.2,0
189.1,73.8,0
154.1,26.0,0
174.3,35.9,1
174.5,70.8,0
196.9,30.8,1
178.6,44.8,1
173.7,47.0,1
163.3,34.7,0
166.6,62.6,1
176.0,71.1,0
171.9,72.5,0
151.1,40.4,0
191.3,51.9,0
194.8,34.9,0
157.0,34.7,0
177.7,29.7,0
155.4,76.4,0
183.6,73.3,0
164.1,66.6,0
183.0,51.1,1
186.3,49.4,1
188.4,51.8,1
155.4,52.2,0
195.8,46.1,0
161.5,27.9,0
151.9,27.5,0
177.7,77.1,0
168.5,48.9,1
191.5,77.2,0
190.4,29.8,0
165.9,53.3,1
197.6,32.5,0
164.5,35.2,1
175.8,21.8,0
162.8,27.1,0
196.8,75.0,0
158.2,39.3,0
152.2,56.5,0
171.8,47.9,1
199.6,44.0,0
194.6,51.9,0
187.4,31.2,0
194.5,79.3,0
194.7,69.1,0
175.9,64.5,1
165.8,48.1,1
188.6,29.2,0
183.1,75.2,0
168.7,40.5,1
154.7,23.0,0
187.3,40.5,1
163.1,67.7,0
196.8,57.4,0
162.0,65.1,0
156.1,67.6,0
191.6,32.7,0
157.7,75.4,0
159.0,46.3,0
180.0,58.3,1
193.7,20.1,0
159.8,79.6,0
165.5,36.9,1
188.9,23.7,0
198.6,47.5,0
175.0,27.7,0
157.2,29.1,0
150.7,57.9,0
161.5,43.6,1
156.6,75.3,0
183.9,39.1,1
156.1,63.6,0
175.3,47.7,1
184.7,59.6,1
179.1,56.0,1
160.0,48.4,1
190.2,77.0,0
185.8,40.6,1
186.9,30.6,0
156.6,60.7,0
156.2,70.8,0
196.4,22.4,0
169.9,47.0,1
165.0,73.5,0
174.4,65.0,1
183.1,79.5,0
197.8,51.9,0
164.3,59.6,1
196.2,38.1,0
151.2,76.9,0
177.8,42.0,1
181.7,64.3,1
155.3,44.2,0
157.0,53.7,0
171.0,63.2,1
198.3,50.5,0
179.8,74.4,0
196.7,45.2,0
190.2,58.8,0
173.4,40.5,0
189.2,44.5,1
150.9,46.4,0
155.5,27.5,0
191.5,25.5,1
189.8,60.0,1
161.6,59.3,1
176.5,59.8,1
180.3,21.2,0
193.4,39.6,0
180.2,31.9,0
170.6,66.7,0
168.7,71.6,0
171.3,34.8,0
182.6,60.1,1
193.4,27.8,0
172.7,36.5,1
162.4,28.3,0
161.8,37.0,1
187.3,60.5,1
190.8,74.6,0
155.3,32.2,0
153.3,52.5,0
179.7,62.1,1
157.3,77.2,0
191.2,56.6,0
165.5,35.3,1
157.2,57.5,0
196.0,39.2,0
158.3,78.6,0
164.2,44.0,1
157.7,61.1,0
155.8,21.4,0
151.1,44.0,0
152.8,72.5,0
158.7,56.6,0
152.7,46.6,0
179.6,76.2,0
184.0,71.2,0
169.7,39.3,1
165.9,52.7,1
175.2,49.4,1
193.8,57.9,0
192.6,40.0,0
152.2,34.7,0
159.1,74.8,0
161.8,75.4,0
162.5,70.6,0
178.6,78.7,0
170.8,64.7,1
152.5,65.9,0
168.7,65.8,0
176.2,48.8,1
155.1,47.4,0
191.7,34.4,0
152.6,58.7,0
196.2,37.4,0
155.0,35.5,1
192.2,55.2,0
195.1,44.6,0
199.0,33.1,0
190.1,69.0,0
189.0,71.6,0
182.1,30.1,0
188.9,20.5,0
156.7,40.2,1
176.8,67.9,0
175.7,70.4,0
192.9,28.3,0
173.1,66.5,0
169.3,26.9,0
182.0,43.4,1
163.3,79.9,0
157.0,31.6,0
173.9,29.2,1
170.8,45.4,1
161.6,57.2,1
168.4,76.0,0
168.3,78.8,0
166.4,24.2,0
169.0,28.3,0
184.3,67.4,0
164.8,36.2,1
197.4,73.1,0
195.8,59.8,0
174.0,26.7,0
166.4,70.0,0
176.8,30.6,0
192.4,45.4,0
182.6,53.1,0
190.2,50.0,0
176.6,61.2,1
181.6,59.2,0
164.4,79.5,0
186.7,80.0,0
160.1,51.0,1
184.7,25.7,0
193.0,63.7,0
156.6,78.6,0
180.7,39.1,1
154.8,47.7,0
186.3,45.5,1
154.2,23.1,0
196.8,60.3,1
156.9,41.2,0
197.9,67.2,0
190.0,69.9,0
179.7,69.3,0
189.1,45.0,1
189.8,39.3,1
197.3,64.9,0
162.7,68.1,0
179.5,49.5,0
154.8,73.6,0
180.8,28.6,0
158.6,72.7,1
178.2,25.8,0
178.6,29.2,0
173.3,52.0,1
176.1,24.1,0
188.2,23.2,0
190.0,20.0,0
174.6,46.2,1
180.0,66.5,0
196.6,22.1,0
156.0,59.1,0
155.9,69.4,0
154.4,30.1,0
182.9,28.8,0
170.9,71.6,0
188.7,69.4,0
183.6,52.3,1
166.7,69.2,0
194.9,25.6,0
188.1,43.7,1
163.5,64.3,1
168.2,35.4,1
165.7,65.1,0
157.9,50.3,0
157.4,65.0,0
196.8,47.9,0
171.9,42.1,1
169.2,33.2,0
186.5,32.5,0
177.6,65.1,0
196.8,27.1,0
189.0,25.2,0
174.0,30.6,0
168.8,30.5,0
199.3,69.4,0
185.9,43.9,1
197.6,79.4,0
155.9,28.2,0
192.5,59.2,0
181.9,46.9,1
156.1,43.6,0
179.4,72.5,0
184.3,78.5,0
150.6,72.4,0
172.7,31.5,0
191.3,33.2,0
164.8,59.4,1
172.9,37.3,1
172.1,64.1,1
165.1,54.0,1
195.9,53.1,0
189.1,69.7,0
155.5,62.6,0
199.9,21.6,0
194.0,23.0,0
164.2,56.1,1
191.8,49.2,0
155.3,35.6,0
200.0,45.1,0
183.3,65.5,1
182.5,69.6,0
154.5,53.7,0
194.9,43.1,0
151.4,36.2,0
162.0,51.3,1
157.2,38.9,0
188.8,53.8,0
159.9,60.6,0
195.5,24.0,0
182.8,20.1,0
151.8,32.7,0
150.3,73.7,1
152.6,58.8,0
180.3,30.3,0
190.1,73.4,0
161.9,48.2,1
192.5,48.6,0
152.9,76.1,0
190.0,23.6,0
196.4,32.9,1
188.6,55.1,1
184.9,31.7,0
191.9,60.8,0
152.0,32.8,0
160.1,25.9,0
156.2,32.4,0
175.2,45.4,0
187.3,30.6,0
181.5,28.1,0
192.6,71.6,0
157.8,39.2,0
186.7,41.6,1
159.7,23.3,0
163.5,41.4,1
185.5,35.9,0
199.0,56.6,0
180.6,32.3,0
152.7,73.3,0
180.8,75.8,0
152.1,26.0,0
194.2,26.4,1
185.5,26.9,0
158.7,57.2,0
154.6,27.3,0
159.2,71.1,0
199.0,65.3,0
172.9,69.2,0
189.2,51.6,1
181.8,79.8,0
178.6,22.7,0
157.3,44.1,0
197.3,39.4,0
165.1,76.9,0
178.9,54.6,1
185.0,68.4,0
182.5,30.2,0
197.0,78.7,0
157.4,49.9,0
175.4,49.6,1
170.2,78.3,0
173.7,42.8,1
156.0,43.9,0
156.7,55.1,0
163.9,27.7,0
165.2,39.3,1
171.4,31.6,0
180.5,26.2,0
181.7,72.0,0
170.6,55.4,0
170.4,41.5,1
160.9,44.5,1
179.4,45.9,1
165.9,58.0,1
151.8,75.6,0
170.9,76.0,0
173.7,43.5,1
161.3,39.8,1
178.6,47.1,1
178.3,54.1,1
185.1,47.7,1
182.4,59.5,1
182.6,53.3,1
165.8,39.2,1
189.4,40.7,1
177.5,42.7,1
171.6,25.7,1
181.3,30.0,0
168.0,63.4,1
175.6,43.3,1
186.8,32.9,0
194.3,53.8,0
196.1,65.3,0
175.2,35.4,1
176.0,69.6,0
190.0,75.7,0
165.7,55.8,1
191.9,60.1,0
174.7,23.2,0
155.8,76.7,0
153.6,43.5,0
192.1,75.4,0
152.8,54.7,0
164.0,20.3,0
166.7,22.3,1
158.6,60.8,0
165.7,53.8,1
187.1,21.6,1
150.7,64.6,0
191.4,71.1,0
192.8,49.8,0
168.6,47.9,0
157.7,20.3,0
180.0,67.2,0
156.0,39.8,0
168.2,72.7,0
197.9,42.4,0
199.8,53.9,0
188.6,36.2,1
165.5,29.6,1
184.4,66.5,0
185.3,49.8,1
169.4,52.2,1
182.0,77.9,0
150.5,77.8,0
160.5,71.3,0
176.3,31.3,0
158.2,55.7,0
158.3,72.7,0
191.8,42.5,0
199.5,26.1,0
177.8,68.7,0
192.0,48.9,0
199.5,53.9,0
157.1,78.9,0
172.4,56.4,1
169.6,45.5,1
154.0,42.2,0
187.8,45.1,1
171.7,27.1,0
173.5,67.7,0
157.5,70.3,1
159.0,37.1,0
195.4,38.2,0
152.2,72.5,0
161.6,21.4,0
164.6,51.2,1
174.5,47.8,1
179.3,61.4,1
174.7,29.8,1
154.2,60.1,0
162.2,42.6,1
192.2,57.1,0
181.9,22.4,0
182.5,47.7,1
183.5,51.3,1
188.1,32.9,0
152.9,28.4,0
168.3,31.3,0
177.0,40.6,1
166.9,25.8,0
192.2,76.8,0
174.1,44.3,1
188.4,68.5,0
192.6,78.5,0
175.2,24.8,0
195.5,59.1,0
179.4,72.3,0
192.5,58.1,0
167.0,45.7,1
174.9,45.9,1
176.6,22.2,0
155.2,52.1,0
169.9,79.6,0
195.9,77.5,0
181.5,22.4,0
158.9,62.3,0
166.9,38.1,1
159.6,74.2,0
151.2,22.7,0
196.4,76.2,0
172.4,70.2,0
165.4,27.1,0
179.9,23.6,0
150.4,70.1,0
163.9,29.3,0
185.2,52.1,1
181.7,74.9,0
199.1,54.0,0
181.0,43.8,1
173.9,46.7,1
188.1,23.8,0
195.2,78.1,0
186.0,38.6,1
198.2,31.4,0
189.1,37.2,1
193.3,77.9,0
155.7,25.7,0
186.6,72.0,0
172.0,62.5,1
177.7,69.8,0
182.7,78.6,0
198.5,70.5,0
199.2,76.6,0
164.4,27.6,0
186.7,67.7,0
187.5,52.7,1
167.3,52.6,1
156.2,73.9,0
152.0,78.3,0
188.9,62.3,1
174.5,49.0,1
199.3,47.4,0
173.2,43.2,1
198.9,41.7,0
170.6,43.5,1
189.7,25.4,0
154.2,24.6,0
177.8,66.8,1
190.1,46.8,0
196.2,75.8,0
191.1,56.7,0
151.8,22.1,0
168.6,29.5,0
152.4,32.3,0
155.5,78.5,0
183.8,33.1,0
185.7,50.9,1
188.7,76.2,0
193.3,78.6,0
187.0,34.2,0
190.0,22.9,0
152.4,29.2,0
161.7,23.8,0
181.1,31.7,0
192.9,54.1,0
150.2,74.7,0
175.7,52.2,1
183.9,57.6,1
151.5,32.1,0
170.1,68.0,0
194.8,57.1,0
183.6,71.8,0
161.9,76.9,0
192.6,40.9,0
167.4,25.4,0
192.7,33.6,0
164.9,46.3,1
179.5,76.7,0
169.8,42.7,1
163.7,66.2,0
194.3,52.4,0
159.4,31.0,0
154.2,39.2,0
167.1,59.2,1
185.9,60.4,1
190.4,46.1,0
199.9,33.7,0
164.8,63.3,1
170.4,30.1,0
156.8,76.2,0
178.7,31.3,0
199.9,26.4,0
185.0,49.9,1
179.8,51.2,1
169.6,50.5,0
195.8,46.2,0
174.8,79.7,0
156.7,49.2,0
168.3,48.7,1
153.4,45.3,0
160.1,24.0,0
150.9,55.6,0
172.7,33.7,0
181.7,58.3,1
167.2,23.1,0
171.0,78.9,0
198.0,48.1,0
187.6,73.8,0
177.0,48.5,1
164.2,23.6,0
194.8,69.3,0
161.8,58.9,1
166.3,66.9,0
195.5,45.7,0
176.5,58.3,0
187.1,71.4,0
179.5,57.9,0
182.7,40.9,0
165.0,59.8,1
162.1,60.3,1
166.1,77.6,0
157.8,42.3,0
193.7,45.5,0
164.2,68.7,0
178.1,50.3,1
189.6,64.2,1
189.2,47.6,1
171.9,32.9,0
173.8,64.7,1
199.7,27.9,0
183.7,31.9,0
190.7,57.6,0
195.1,64.8,0
189.4,73.7,0
159.3,36.4,0
178.1,26.6,0
155.1,77.4,0
182.6,29.3,0
197.8,31.9,0
175.6,37.5,0
171.6,51.8,1
151.8,73.0,0
198.0,65.6,0
155.2,62.5,0
152.1,30.5,0
162.3,41.5,1
153.3,48.7,0
172.8,28.8,0
175.8,36.4,1
165.6,38.5,1
152.5,27.6,0
155.6,53.0,0
169.2,62.3,1
153.0,24.2,0
184.9,48.9,1
160.4,66.9,0
165.1,64.9,1
169.7,68.9,0
170.8,46.9,1
150.1,69.2,0
155.6,34.4,0
193.1,41.6,0
150.1,30.6,0
175.4,48.0,1
174.5,43.5,1
166.7,34.5,0
171.6,65.1,0
189.0,38.8,1
192.1,36.4,1
163.0,27.9,0
166.1,46.3,1
162.1,38.2,1
174.0,42.2,1
184.2,34.2,0
161.4,65.8,0
166.5,75.8,0
196.5,49.9,0
152.4,58.6,0
173.0,72.0,0
185.6,79.9,0
157.5,56.8,0
152.4,73.4,0
156.9,74.5,0
195.9,67.5,0
150.5,47.7,0
159.4,24.9,0
151.6,20.9,0
155.5,48.6,0
181.0,49.7,1
162.1,44.4,1
178.5,54.1,1
179.5,53.1,1
192.5,70.2,0
150.2,26.5,0
192.7,33.5,0
181.0,67.6,0
158.1,70.9,0
188.6,79.7,0
192.8,72.4,0
162.7,73.4,0
195.9,38.9,0
172.7,44.1,1
180.2,36.1,0
199.2,56.4,1
168.1,76.3,0
190.7,40.7,0
165.9,53.4,0
190.0,37.8,1
180.0,30.2,0
160.8,31.7,0
170.7,23.5,0
165.9,77.0,0
153.9,44.2,1
151.5,70.0,0
167.3,60.9,1
151.0,31.5,0
158.3,30.5,0
186.3,68.7,0
185.4,35.9,1
