temp_c,vibration_mm_s,load_pct,rpm,hours_since_service,humidity_pct,age_months,needs_service
61.7,2.19,41.1,2523.0,379.0,58.8,67.0,0
45.5,3.78,46.3,2051.0,440.0,86.5,28.0,0
67.0,2.77,39.8,2391.0,1373.0,43.3,59.0,0
69.3,5.63,96.6,2510.0,178.0,50.8,66.0,0
34.6,1.2,35.2,2210.0,1465.0,82.2,98.0,1
42.4,4.28,34.7,2022.0,536.0,43.3,56.0,0
59.5,3.23,55.6,1305.0,1322.0,46.6,11.0,0
54.2,1.9,35.1,2430.0,1746.0,41.3,59.0,0
57.8,3.88,32.5,2123.0,1219.0,76.7,101.0,0
47.8,1.73,27.7,1873.0,425.0,85.1,69.0,0
68.6,2.81,71.2,2803.0,98.0,64.2,39.0,0
67.3,1.0,69.0,1315.0,89.0,63.7,111.0,1
58.8,0.3,72.0,3004.0,178.0,47.3,20.0,0
71.5,2.16,81.9,2088.0,1160.0,20.9,40.0,0
63.6,2.13,46.1,2275.0,696.0,32.2,53.0,0
47.7,2.28,93.5,1883.0,486.0,30.3,89.0,0
62.4,4.47,78.7,1183.0,439.0,28.1,100.0,0
46.5,5.11,84.4,2023.0,1897.0,65.8,8.0,1
68.5,3.49,77.7,2284.0,238.0,29.5,95.0,1
57.4,4.29,48.7,2472.0,610.0,26.0,87.0,0
55.8,1.76,42.6,1991.0,943.0,46.8,107.0,0
49.8,1.49,53.8,894.0,1.0,37.4,108.0,0
72.7,3.92,27.8,1252.0,1842.0,30.2,94.0,1
56.1,1.34,56.1,3229.0,198.0,30.2,24.0,0
52.9,1.24,23.5,1499.0,1365.0,37.9,38.0,0
53.8,11.64,20.3,2885.0,1258.0,57.6,112.0,0
64.4,3.03,94.5,1586.0,1618.0,73.1,72.0,1
62.4,2.13,75.1,2000.0,1303.0,79.7,65.0,0
63.0,1.98,64.9,2444.0,1539.0,72.6,110.0,0
63.2,1.03,47.3,1649.0,842.0,64.0,105.0,0
83.7,3.45,65.6,2976.0,977.0,83.5,88.0,1
53.1,2.41,91.3,2142.0,1403.0,56.4,106.0,0
51.9,5.03,72.2,2353.0,1137.0,64.3,15.0,0
48.2,3.99,68.2,1953.0,1023.0,48.8,91.0,0
65.4,2.36,56.8,2462.0,411.0,42.9,116.0,0
71.5,0.62,47.7,2968.0,516.0,43.2,7.0,0
56.6,3.04,75.9,2028.0,717.0,30.4,28.0,1
47.9,2.87,98.5,3051.0,19.0,75.8,95.0,0
48.1,0.51,54.0,1764.0,835.0,23.9,63.0,0
65.8,3.73,51.4,2520.0,6.0,67.2,11.0,0
66.9,1.31,54.2,2369.0,1130.0,80.5,33.0,1
64.5,5.18,54.0,1512.0,1408.0,54.8,40.0,0
50.0,2.77,99.2,2218.0,1124.0,24.9,39.0,0
60.8,1.94,76.5,2104.0,1387.0,50.0,105.0,0
59.4,3.3,48.7,1631.0,0.0,44.0,80.0,0
60.6,3.18,49.7,2297.0,119.0,89.0,88.0,0
68.5,3.11,54.5,2180.0,1397.0,68.4,3.0,0
60.7,4.79,22.9,2060.0,1606.0,70.5,52.0,0
66.1,3.42,62.2,2062.0,1435.0,56.1,39.0,0
58.8,1.83,84.9,2050.0,1326.0,69.7,102.0,0
61.5,2.46,72.8,1898.0,1415.0,70.6,115.0,0
65.6,6.24,35.9,2177.0,1479.0,24.6,51.0,0
40.5,1.72,78.2,1746.0,1449.0,35.6,117.0,1
54.2,3.69,77.6,3561.0,1476.0,20.9,3.0,0
52.4,4.89,41.0,1325.0,148.0,55.7,40.0,0
50.3,3.9,69.8,1778.0,127.0,81.3,93.0,0
54.7,3.05,68.9,1822.0,722.0,62.7,44.0,0
75.9,3.34,87.2,3222.0,1055.0,55.0,111.0,1
47.6,4.05,30.9,1374.0,1525.0,84.8,27.0,0
69.6,1.71,35.6,2334.0,669.0,32.1,96.0,1
37.8,2.88,58.9,2237.0,550.0,25.2,25.0,1
54.0,8.95,23.5,2283.0,1563.0,84.2,24.0,0
60.0,3.76,53.2,2780.0,499.0,83.2,54.0,0
65.0,3.11,83.1,2769.0,1642.0,67.8,113.0,0
66.5,2.31,31.9,1852.0,354.0,37.2,71.0,0
67.5,1.72,56.8,2207.0,719.0,87.9,77.0,1
53.8,3.4,99.2,1075.0,802.0,73.6,2.0,0
52.5,3.54,60.5,2155.0,599.0,67.2,8.0,0
68.3,2.77,59.9,1663.0,7.0,35.6,9.0,0
55.7,10.96,64.7,1997.0,471.0,55.9,99.0,0
42.7,1.82,34.9,1173.0,675.0,77.6,29.0,1
44.4,1.54,31.8,2323.0,627.0,80.2,40.0,0
47.0,2.33,74.2,1167.0,1571.0,59.3,74.0,1
64.0,2.82,51.7,2182.0,95.0,56.6,70.0,0
59.7,1.66,43.2,1425.0,778.0,68.8,50.0,0
66.3,3.35,22.5,1633.0,75.0,57.0,2.0,0
52.9,3.57,87.7,2735.0,1861.0,49.2,55.0,0
59.9,4.33,22.6,2423.0,1580.0,26.0,89.0,0
65.5,2.09,80.0,2732.0,1964.0,28.8,29.0,0
54.3,5.95,50.6,2958.0,1820.0,73.2,85.0,0
63.5,4.16,67.9,1675.0,632.0,21.7,3.0,0
50.1,1.8,39.8,2924.0,1383.0,23.7,109.0,0
53.6,1.66,32.4,1294.0,613.0,83.3,114.0,0
53.4,2.43,62.7,2510.0,1776.0,69.3,1.0,0
43.6,3.58,75.6,1829.0,822.0,20.3,55.0,1
63.8,3.89,35.6,1588.0,752.0,41.8,50.0,0
52.4,4.16,54.9,2438.0,1828.0,73.4,101.0,0
58.1,8.63,55.6,2620.0,1673.0,49.2,65.0,1
63.8,0.79,37.3,2603.0,1933.0,52.8,74.0,0
63.4,2.72,65.2,2218.0,133.0,52.1,25.0,0
66.0,8.23,31.7,2173.0,487.0,34.1,10.0,0
56.8,4.44,60.8,2390.0,602.0,70.5,83.0,0
52.9,1.48,29.1,2267.0,849.0,27.2,75.0,0
57.0,3.26,58.8,2398.0,946.0,55.5,100.0,0
37.8,2.62,44.9,2212.0,583.0,31.9,102.0,1
40.6,2.56,56.2,2564.0,1581.0,23.3,76.0,0
42.1,2.07,54.7,1205.0,446.0,30.0,65.0,0
46.0,3.1,92.6,2028.0,1393.0,80.9,110.0,0
62.8,5.33,59.2,1339.0,1704.0,32.3,96.0,0
47.1,2.19,85.5,2252.0,1207.0,39.5,106.0,1
53.5,4.17,38.1,3003.0,708.0,29.7,120.0,0
73.6,4.59,48.2,1839.0,376.0,71.5,49.0,1
53.7,5.92,26.0,2170.0,269.0,51.2,86.0,0
66.9,1.64,53.7,2516.0,1488.0,86.1,83.0,1
46.8,2.95,73.5,963.0,938.0,66.5,22.0,0
55.5,1.91,87.1,1813.0,93.0,57.2,77.0,0
46.6,3.1,65.3,2300.0,1968.0,66.0,52.0,1
53.9,3.09,71.2,600.0,1343.0,22.8,55.0,0
68.1,1.37,34.2,1563.0,1688.0,86.5,22.0,0
37.3,3.21,23.0,2705.0,876.0,87.0,90.0,1
63.2,8.87,83.3,2652.0,1911.0,39.3,84.0,1
60.9,3.89,33.4,2306.0,399.0,64.0,64.0,0
50.9,1.18,27.3,2585.0,370.0,34.1,20.0,0
40.6,1.57,95.0,2218.0,1781.0,58.3,67.0,1
58.9,2.86,97.1,2405.0,1783.0,74.0,13.0,0
51.6,1.59,69.3,1926.0,998.0,85.8,41.0,0
60.8,5.74,50.3,2164.0,252.0,43.7,45.0,0
58.3,1.07,86.7,1752.0,610.0,68.5,106.0,0
77.2,3.91,36.4,2795.0,1508.0,70.1,50.0,1
55.1,0.91,54.4,2937.0,1692.0,35.5,72.0,0
45.7,2.84,48.6,2859.0,695.0,64.0,105.0,0
60.2,1.44,93.0,1876.0,122.0,65.9,52.0,0
60.6,4.32,93.6,1575.0,1331.0,73.5,106.0,0
74.3,5.21,72.1,2802.0,1479.0,90.0,17.0,1
68.0,3.57,28.9,2399.0,848.0,22.8,44.0,0
62.3,5.34,58.6,2281.0,1166.0,34.2,12.0,0
75.6,0.4,39.6,1752.0,1975.0,30.2,68.0,1
43.7,3.19,90.8,2334.0,490.0,30.8,115.0,1
50.3,3.88,31.1,1503.0,1146.0,51.8,79.0,0
46.9,4.17,24.3,2449.0,1222.0,81.5,76.0,0
53.3,0.71,76.4,2858.0,1098.0,51.4,34.0,0
41.5,3.75,56.3,2997.0,1738.0,66.8,112.0,0
65.6,4.22,87.1,2490.0,1210.0,46.4,57.0,0
55.3,3.17,26.0,1340.0,1016.0,42.4,33.0,0
40.4,1.18,84.1,2209.0,246.0,78.4,119.0,0
45.8,2.06,23.0,3277.0,1406.0,65.9,51.0,0
61.8,5.76,22.2,1622.0,264.0,44.6,45.0,0
68.1,5.4,56.9,2067.0,53.0,84.0,5.0,0
82.0,3.84,37.7,2877.0,977.0,54.9,22.0,1
93.0,4.37,67.5,2439.0,1145.0,33.2,97.0,1
63.0,5.05,22.1,3464.0,1998.0,53.8,58.0,0
46.1,3.81,22.8,1697.0,1425.0,67.2,115.0,1
32.4,5.67,78.2,1556.0,1697.0,45.7,11.0,1
61.2,5.56,36.8,2773.0,693.0,79.1,74.0,0
48.2,10.41,72.5,1442.0,1018.0,57.3,87.0,0
53.0,2.11,80.0,1992.0,1949.0,52.7,75.0,0
50.7,2.14,24.7,2064.0,835.0,80.1,64.0,0
56.3,0.3,81.6,2670.0,1615.0,52.4,70.0,0
70.8,3.65,41.5,2438.0,1052.0,49.0,83.0,0
59.9,7.96,51.2,2351.0,448.0,27.3,104.0,0
56.1,5.92,26.9,1879.0,1161.0,45.4,41.0,0
45.6,4.68,87.1,2768.0,436.0,47.8,56.0,0
37.9,6.14,64.9,3600.0,6.0,32.6,77.0,0
52.2,3.92,60.4,2480.0,472.0,61.1,38.0,0
57.4,2.45,97.5,2155.0,386.0,30.1,22.0,0
79.2,9.06,46.8,1386.0,742.0,35.7,116.0,1
59.6,3.75,91.3,1749.0,1777.0,59.3,24.0,1
69.8,5.5,77.6,1982.0,776.0,38.8,29.0,1
52.0,0.4,94.3,1806.0,1690.0,64.8,75.0,0
43.8,0.48,92.6,2091.0,1111.0,68.3,10.0,0
46.4,3.25,99.3,3078.0,15.0,41.1,5.0,0
49.3,1.59,30.5,2786.0,377.0,26.1,9.0,0
83.5,3.43,83.7,2013.0,1863.0,54.3,16.0,1
48.1,2.14,84.4,1435.0,1208.0,26.5,52.0,1
68.1,11.24,71.5,2836.0,1859.0,56.1,100.0,1
47.2,5.25,42.3,2073.0,620.0,70.8,42.0,0
69.2,6.47,97.2,1150.0,1433.0,63.4,52.0,1
62.6,0.57,36.4,2492.0,1544.0,51.4,72.0,0
56.1,4.65,60.0,2664.0,1951.0,86.2,37.0,0
57.5,2.63,61.7,766.0,36.0,27.1,52.0,0
50.1,6.54,32.9,1646.0,1904.0,81.6,47.0,1
63.4,4.27,77.8,2039.0,783.0,76.0,42.0,0
52.5,2.87,27.1,2504.0,1676.0,49.4,47.0,1
43.3,1.28,75.4,1816.0,1089.0,30.7,2.0,0
42.7,3.21,87.9,1642.0,1129.0,30.9,106.0,0
60.1,5.69,48.0,2500.0,719.0,84.5,117.0,0
76.9,6.75,76.8,1842.0,1657.0,36.4,104.0,1
59.9,2.34,32.5,2398.0,528.0,81.2,2.0,0
56.6,10.24,87.7,1489.0,984.0,55.2,90.0,0
61.4,5.44,96.2,1356.0,1120.0,52.3,69.0,1
73.7,1.62,32.2,2515.0,1485.0,63.4,12.0,0
60.6,1.37,75.3,2239.0,943.0,35.1,112.0,0
53.1,2.73,60.5,2607.0,1361.0,50.0,93.0,0
71.3,2.34,62.5,1807.0,971.0,85.7,18.0,0
63.1,3.94,76.5,1663.0,1319.0,36.7,116.0,1
76.4,3.01,59.1,2848.0,1348.0,84.5,16.0,1
60.2,2.47,68.0,1262.0,1419.0,89.6,55.0,0
43.3,0.95,38.5,2788.0,1647.0,23.6,20.0,0
41.6,4.34,50.3,2826.0,1081.0,57.2,19.0,0
77.8,0.89,89.2,2573.0,387.0,32.0,116.0,1
78.7,5.45,28.8,1722.0,1359.0,63.5,69.0,1
55.8,0.63,67.8,1651.0,154.0,89.3,32.0,0
53.4,0.85,34.7,1984.0,438.0,82.8,93.0,0
75.5,1.61,87.7,1388.0,1584.0,84.7,105.0,1
44.7,2.21,66.3,1571.0,870.0,34.9,110.0,0
47.3,1.92,52.2,2455.0,996.0,58.0,112.0,0
65.7,2.2,40.0,2457.0,1975.0,36.4,109.0,1
53.3,3.47,54.9,1523.0,470.0,83.0,77.0,0
57.9,1.64,96.6,2472.0,39.0,33.4,42.0,0
56.0,3.49,60.7,2350.0,223.0,30.8,111.0,0
62.1,0.4,57.6,2930.0,489.0,20.9,16.0,0
74.9,1.59,79.7,2413.0,1452.0,32.7,21.0,1
59.1,0.81,50.3,2682.0,1552.0,33.3,53.0,0
65.7,5.41,54.2,2362.0,1131.0,25.4,35.0,0
33.4,1.79,47.0,2639.0,510.0,80.7,74.0,1
57.4,4.19,32.1,1392.0,1043.0,74.6,109.0,1
47.9,0.7,77.1,2033.0,30.0,37.8,59.0,0
43.4,6.69,89.8,2079.0,1364.0,74.8,67.0,0
47.5,3.12,92.4,1966.0,1229.0,49.6,51.0,0
54.0,8.58,90.5,2344.0,44.0,74.3,85.0,0
69.0,2.9,56.1,2449.0,1634.0,42.6,13.0,1
42.1,0.96,42.7,2316.0,1527.0,59.5,7.0,0
58.4,1.46,71.0,2003.0,616.0,46.7,77.0,0
52.2,2.52,96.4,1695.0,1271.0,33.1,65.0,0
54.1,1.5,78.2,2703.0,1203.0,61.0,49.0,0
70.0,5.11,59.6,2292.0,286.0,72.6,41.0,0
64.5,3.06,75.1,1540.0,387.0,72.7,7.0,0
74.0,1.51,81.8,1993.0,1366.0,44.9,82.0,1
56.1,4.66,93.5,1141.0,1867.0,56.3,51.0,0
49.6,2.31,81.1,2119.0,1153.0,73.5,54.0,0
55.3,4.54,54.7,1991.0,1136.0,23.8,107.0,0
60.9,2.07,41.9,1784.0,1293.0,25.0,89.0,1
60.1,4.02,60.0,2972.0,881.0,46.3,27.0,0
45.0,2.26,46.3,1464.0,108.0,35.6,79.0,0
59.1,5.11,95.4,2489.0,793.0,46.2,17.0,0
60.7,0.71,60.6,3303.0,1801.0,26.6,24.0,0
88.2,1.2,57.8,2692.0,1610.0,61.4,86.0,1
80.5,2.66,47.9,2083.0,1855.0,67.0,16.0,1
47.8,1.84,71.2,1476.0,306.0,75.4,34.0,0
54.6,2.21,61.6,1351.0,1012.0,65.5,108.0,0
40.4,4.29,30.3,1874.0,1169.0,47.7,89.0,1
50.9,2.18,89.5,1722.0,420.0,85.4,112.0,0
61.8,3.56,48.7,1704.0,402.0,70.8,106.0,0
72.5,1.59,54.6,1921.0,1564.0,56.9,38.0,1
49.3,0.59,36.5,2044.0,1344.0,34.5,76.0,0
50.2,4.53,64.3,2367.0,1294.0,65.4,46.0,0
32.2,7.56,76.2,1419.0,534.0,61.4,84.0,1
56.0,3.34,90.5,1725.0,1014.0,67.8,42.0,0
45.3,2.76,24.1,2012.0,46.0,74.7,1.0,0
51.6,3.13,97.9,1992.0,260.0,84.1,12.0,0
47.5,6.17,76.3,3110.0,1037.0,86.4,93.0,0
56.9,3.37,42.7,2228.0,619.0,64.1,11.0,0
36.9,4.66,36.4,1213.0,1931.0,87.6,72.0,1
40.4,4.54,43.7,2330.0,943.0,83.8,103.0,1
83.6,5.36,90.1,2400.0,167.0,20.2,89.0,1
42.6,2.72,43.3,2031.0,36.0,64.6,50.0,0
44.8,2.05,57.0,1433.0,1451.0,32.5,26.0,1
80.0,4.04,76.5,3067.0,343.0,40.7,111.0,1
92.9,5.14,89.8,1512.0,376.0,40.8,68.0,1
43.9,5.71,72.7,2463.0,848.0,53.8,49.0,0
53.6,6.6,80.2,2210.0,528.0,20.8,113.0,0
62.1,4.88,33.9,2430.0,1233.0,36.5,27.0,0
78.7,1.98,90.2,3039.0,971.0,22.0,54.0,1
46.2,3.34,42.1,2409.0,223.0,65.5,14.0,0
55.1,3.16,30.3,1793.0,1569.0,82.3,16.0,0
67.3,2.95,98.1,2708.0,852.0,89.8,48.0,0
63.2,4.05,36.1,1753.0,1222.0,51.4,84.0,1
53.5,2.56,30.9,2190.0,8.0,38.2,41.0,0
56.4,2.57,70.1,1389.0,1253.0,79.7,83.0,0
41.5,7.82,45.5,1532.0,566.0,27.9,97.0,0
55.1,2.81,30.7,2128.0,989.0,88.2,105.0,0
54.8,5.34,68.1,2302.0,595.0,70.0,6.0,0
60.8,5.52,80.7,1164.0,1993.0,55.3,93.0,0
51.3,3.4,83.5,2374.0,462.0,26.8,19.0,0
63.7,2.63,32.4,1649.0,1826.0,21.3,84.0,0
70.2,1.63,64.5,2804.0,1836.0,58.1,45.0,1
59.9,0.88,85.1,1906.0,842.0,49.0,85.0,0
62.2,4.22,32.9,1482.0,608.0,79.0,26.0,0
58.6,3.73,36.6,2142.0,762.0,65.0,78.0,0
58.0,4.59,20.2,1596.0,1979.0,50.2,16.0,0
49.3,2.14,62.0,2798.0,1238.0,35.8,21.0,0
61.8,8.27,35.6,2100.0,1090.0,53.6,74.0,0
56.8,3.93,77.9,2017.0,72.0,31.4,41.0,0
83.1,2.74,97.0,2425.0,1696.0,66.7,85.0,1
76.9,0.56,36.7,1547.0,168.0,62.4,83.0,1
62.6,2.3,71.9,1391.0,94.0,76.7,75.0,0
48.8,4.71,36.9,2325.0,550.0,51.5,88.0,0
44.7,6.51,21.4,1495.0,952.0,39.5,95.0,0
72.3,3.02,80.7,1495.0,1791.0,78.5,109.0,1
61.2,7.11,54.7,2560.0,1580.0,68.4,11.0,0
63.8,1.55,95.7,2389.0,395.0,69.5,69.0,0
37.1,3.8,62.7,1410.0,744.0,57.0,90.0,1
69.1,3.86,32.6,1759.0,1560.0,81.3,27.0,0
63.5,4.24,56.0,1603.0,1054.0,35.9,32.0,0
44.7,3.27,36.2,3077.0,349.0,48.1,33.0,0
52.3,3.67,90.2,2598.0,792.0,75.7,69.0,0
61.2,1.52,75.3,1869.0,1252.0,29.3,45.0,0
58.6,6.15,47.3,2417.0,1946.0,76.6,80.0,0
54.5,5.04,62.2,1354.0,1324.0,44.7,74.0,0
56.8,3.59,73.6,1730.0,32.0,28.8,79.0,0
55.0,5.11,82.6,2158.0,1410.0,25.5,31.0,1
59.8,6.27,26.4,2349.0,502.0,79.0,92.0,0
75.7,4.2,21.8,2046.0,1724.0,74.5,80.0,1
28.0,8.77,29.2,2236.0,768.0,40.2,17.0,1
55.2,4.41,51.6,2143.0,399.0,28.1,25.0,0
60.1,1.69,57.3,2010.0,936.0,37.3,37.0,0
61.6,3.48,30.9,1937.0,510.0,34.9,112.0,0
53.5,5.22,52.9,1866.0,472.0,71.3,40.0,0
36.9,6.27,55.3,2228.0,1147.0,35.1,3.0,1
61.9,3.32,28.7,2326.0,1535.0,35.1,18.0,0
78.7,1.6,93.3,2209.0,1670.0,22.3,5.0,1
39.6,2.59,67.9,1452.0,795.0,61.8,49.0,1
68.4,1.13,51.1,1551.0,134.0,68.2,96.0,0
54.1,4.68,60.6,2319.0,968.0,65.7,55.0,0
57.3,2.28,45.1,2909.0,868.0,59.8,101.0,0
45.4,1.87,88.3,2184.0,394.0,87.6,7.0,0
54.0,4.94,66.0,1874.0,1792.0,53.1,57.0,0
73.6,7.03,59.6,2223.0,1948.0,80.2,95.0,1
65.0,1.87,92.9,1475.0,103.0,65.2,81.0,0
78.8,3.33,87.0,2820.0,1591.0,25.9,102.0,1
72.1,2.66,85.0,2203.0,1291.0,76.7,34.0,1
63.3,6.43,38.0,1732.0,523.0,60.9,61.0,0
78.9,2.86,32.2,2008.0,1270.0,65.7,82.0,1
63.3,1.49,75.2,1810.0,257.0,32.6,21.0,0
67.9,2.94,57.5,2821.0,139.0,50.6,98.0,0
54.4,5.68,74.7,1989.0,1987.0,81.6,38.0,0
58.8,2.57,80.9,2185.0,1273.0,35.1,12.0,0
49.6,2.0,43.6,2416.0,506.0,20.0,92.0,0
69.9,2.78,42.8,1693.0,900.0,38.0,85.0,1
43.9,1.53,59.3,2207.0,1900.0,54.1,106.0,1
67.4,2.66,41.9,2251.0,877.0,77.5,107.0,0
55.7,2.1,73.4,1245.0,1801.0,65.0,34.0,1
72.1,9.67,79.7,2239.0,1738.0,84.3,77.0,1
67.0,0.67,57.8,2075.0,688.0,51.9,120.0,0
79.8,1.68,77.9,2171.0,1392.0,47.4,30.0,1
66.8,2.0,60.8,2120.0,1321.0,36.2,57.0,0
39.1,1.54,77.0,2243.0,1542.0,35.3,109.0,1
57.2,3.82,38.0,2836.0,732.0,71.5,13.0,0
43.9,1.85,79.1,1451.0,104.0,25.6,111.0,1
51.8,1.04,77.2,1912.0,342.0,37.0,59.0,0
76.1,3.15,41.3,2467.0,1233.0,82.0,107.0,1
65.7,2.47,64.5,2365.0,1550.0,60.4,75.0,0
49.6,1.91,88.4,2353.0,1512.0,23.3,81.0,0
45.8,6.34,40.0,3600.0,1167.0,69.3,93.0,0
58.4,3.89,78.9,2438.0,170.0,55.5,9.0,0
43.4,3.64,96.3,2722.0,35.0,79.8,76.0,0
49.9,3.95,89.3,1931.0,1564.0,67.8,111.0,1
61.7,3.83,52.1,1554.0,1099.0,20.3,115.0,0
71.9,2.55,68.6,1927.0,1565.0,34.4,116.0,1
65.3,1.86,99.3,2492.0,326.0,38.1,78.0,0
30.5,3.19,65.5,2324.0,815.0,69.2,76.0,1
61.7,2.52,29.2,2322.0,1838.0,55.7,67.0,1
58.9,0.67,23.6,1982.0,343.0,72.3,73.0,0
63.0,1.44,83.2,1894.0,123.0,55.9,74.0,0
77.4,2.32,53.9,2001.0,1307.0,42.9,6.0,1
33.2,5.0,39.7,2498.0,1189.0,27.3,12.0,1
50.9,3.2,47.8,2562.0,1904.0,34.2,75.0,0
65.1,1.64,80.6,1547.0,1813.0,48.1,38.0,0
39.0,1.35,57.2,2519.0,1499.0,58.6,37.0,1
75.7,5.62,89.5,1742.0,38.0,85.7,24.0,0
62.4,2.63,78.8,2358.0,961.0,36.8,96.0,1
68.2,0.3,97.9,1994.0,1792.0,66.6,116.0,1
51.1,2.73,91.1,2961.0,867.0,30.7,76.0,0
67.8,4.39,40.4,1870.0,1924.0,70.0,114.0,1
70.8,1.32,72.7,2198.0,1305.0,20.8,106.0,1
60.8,3.06,21.6,2434.0,219.0,65.9,27.0,0
60.8,3.23,99.3,1619.0,1019.0,31.4,19.0,1
61.2,1.38,40.9,2060.0,1391.0,32.6,26.0,0
47.6,5.91,73.2,1953.0,131.0,59.1,12.0,0
56.2,3.27,87.9,1817.0,689.0,46.3,70.0,0
56.2,2.32,32.8,1858.0,1434.0,53.0,35.0,0
62.6,2.64,87.8,2712.0,314.0,41.6,110.0,0
70.0,1.2,21.0,1771.0,697.0,86.7,74.0,1
45.3,1.16,55.4,2412.0,1380.0,40.3,44.0,0
56.5,2.18,57.8,2273.0,1551.0,57.9,118.0,0
75.8,2.27,49.9,1332.0,1037.0,79.8,114.0,1
49.1,2.53,66.9,2386.0,1914.0,66.5,94.0,1
48.1,6.21,93.2,1323.0,1851.0,42.6,95.0,0
60.4,4.26,46.2,2445.0,947.0,58.7,117.0,0
68.1,0.76,66.3,1821.0,321.0,25.8,72.0,0
58.1,5.55,90.2,2105.0,1546.0,58.2,106.0,0
73.9,2.17,81.8,1388.0,486.0,50.2,9.0,0
68.3,4.5,23.3,2167.0,1686.0,73.1,67.0,0
68.1,2.28,95.4,2610.0,1174.0,79.4,61.0,0
64.6,3.14,23.7,1656.0,788.0,34.0,5.0,0
85.9,1.27,67.1,1766.0,1113.0,25.7,11.0,1
55.5,3.57,66.0,2350.0,1066.0,47.3,4.0,0
34.0,4.79,82.9,2364.0,1849.0,57.4,36.0,1
77.3,0.88,31.9,761.0,429.0,46.4,7.0,1
52.5,4.84,34.3,3208.0,1856.0,64.0,51.0,0
59.3,1.85,80.2,2391.0,63.0,55.4,98.0,0
73.7,7.34,32.0,2483.0,1538.0,85.6,74.0,1
38.8,4.55,57.6,2021.0,1839.0,48.7,81.0,1
43.0,4.1,78.5,1080.0,788.0,25.8,5.0,1
38.8,2.65,72.1,2471.0,146.0,41.1,101.0,0
48.5,10.67,36.8,1789.0,1609.0,62.4,18.0,0
63.3,2.18,44.3,2399.0,1686.0,37.9,37.0,1
64.3,1.47,97.5,1980.0,673.0,38.8,62.0,0
61.3,1.9,55.9,2231.0,1037.0,43.8,112.0,0
41.0,5.3,23.6,1674.0,1619.0,72.2,120.0,1
30.3,3.11,37.6,2575.0,384.0,85.8,94.0,1
58.7,2.83,47.4,1446.0,1258.0,44.5,88.0,0
52.3,2.2,100.0,3335.0,861.0,33.7,64.0,0
63.5,2.74,44.2,3331.0,349.0,49.4,80.0,0
66.4,2.1,22.1,2998.0,1663.0,44.6,18.0,0
59.7,4.32,61.0,2802.0,649.0,89.3,33.0,0
67.1,2.49,26.7,2053.0,1869.0,52.5,118.0,1
60.8,1.92,41.9,2742.0,1138.0,67.5,118.0,0
64.4,5.04,99.4,2047.0,1029.0,84.0,39.0,0
49.5,1.5,76.4,1246.0,847.0,64.0,30.0,0
55.8,3.13,24.1,2927.0,801.0,37.5,28.0,0
60.4,0.66,55.9,2721.0,1636.0,62.5,59.0,0
67.8,1.09,33.7,2083.0,1355.0,48.1,28.0,0
53.3,2.33,29.8,1426.0,1547.0,49.6,78.0,1
64.3,2.08,67.0,1778.0,842.0,88.6,10.0,0
54.8,2.07,60.5,1098.0,523.0,39.5,13.0,0
56.6,4.57,79.4,2620.0,174.0,52.8,34.0,0
68.0,4.72,91.4,1218.0,1553.0,31.2,94.0,1
34.1,3.5,39.7,2258.0,831.0,32.5,39.0,1
42.4,1.44,93.8,1636.0,1018.0,62.2,57.0,1
40.2,2.73,61.4,1315.0,939.0,72.6,79.0,0
30.0,7.93,40.7,2231.0,862.0,64.6,95.0,1
49.9,10.08,87.7,1916.0,1368.0,43.0,38.0,1
67.0,5.07,22.8,2561.0,1217.0,24.2,88.0,0
54.6,1.48,64.8,1403.0,1944.0,52.9,35.0,0
60.4,2.74,77.7,1683.0,278.0,55.3,78.0,0
71.1,3.37,42.4,787.0,1147.0,73.9,55.0,1
73.9,3.07,89.1,899.0,126.0,64.8,111.0,0
57.2,5.38,39.2,3089.0,1616.0,81.0,118.0,0
74.2,4.45,87.2,3246.0,1233.0,74.8,93.0,1
59.1,1.43,26.3,2151.0,857.0,45.6,110.0,0
48.0,1.95,32.8,1647.0,1604.0,64.3,17.0,0
50.9,5.06,50.5,1936.0,910.0,72.3,79.0,0
40.2,6.33,88.3,2580.0,456.0,87.0,25.0,1
47.3,3.39,31.6,1817.0,945.0,49.6,34.0,0
53.7,6.77,90.0,2231.0,142.0,65.4,63.0,0
67.6,3.17,38.4,2093.0,1796.0,47.5,89.0,0
78.6,1.61,56.2,1787.0,1462.0,71.6,87.0,1
41.4,4.22,48.2,1811.0,1521.0,83.8,104.0,1
62.7,12.58,29.5,2261.0,1749.0,84.3,68.0,1
45.5,1.2,95.5,1563.0,1583.0,31.0,111.0,1
63.7,6.63,55.1,2348.0,864.0,34.3,107.0,0
56.4,4.09,75.2,1841.0,237.0,72.8,102.0,0
36.0,1.88,66.0,2170.0,747.0,64.2,28.0,0
69.1,0.68,60.1,2861.0,1868.0,83.4,64.0,1
50.7,0.47,69.3,2007.0,1898.0,42.0,89.0,1
51.6,2.07,91.9,2606.0,1536.0,79.4,117.0,0
45.2,3.7,75.9,1114.0,409.0,67.9,2.0,0
50.1,4.85,62.6,1841.0,389.0,33.7,40.0,0
63.1,5.5,71.6,2115.0,1760.0,28.9,42.0,1
55.7,3.51,68.5,3158.0,284.0,69.2,35.0,0
61.9,3.2,54.6,1022.0,1168.0,31.1,98.0,0
62.3,2.38,70.0,2047.0,757.0,75.6,6.0,0
73.8,3.76,55.5,2901.0,604.0,59.0,44.0,0
53.9,1.9,80.6,1668.0,1355.0,53.4,86.0,0
40.3,1.25,97.5,1983.0,1919.0,39.3,49.0,1
70.8,3.08,96.8,2282.0,1555.0,88.9,18.0,0
54.0,4.64,85.7,2201.0,972.0,70.6,74.0,0
71.4,1.06,68.1,2961.0,881.0,74.5,63.0,0
62.6,2.07,79.9,2347.0,1815.0,73.8,118.0,0
56.4,3.01,34.2,2830.0,1156.0,60.9,90.0,0
62.2,2.97,58.3,1902.0,993.0,85.8,118.0,1
81.4,4.02,40.6,1693.0,1366.0,60.9,23.0,1
82.9,7.8,20.3,1976.0,474.0,56.4,92.0,1
58.8,0.47,97.3,1462.0,127.0,39.2,67.0,0
59.9,8.0,89.1,2366.0,1710.0,39.7,86.0,1
70.9,7.6,61.1,1888.0,1215.0,71.6,57.0,1
47.9,4.9,40.3,1731.0,330.0,43.4,26.0,1
62.0,3.35,75.4,2374.0,596.0,71.0,6.0,0
57.7,1.92,54.8,1471.0,1980.0,86.7,101.0,1
61.8,4.86,84.3,2524.0,1269.0,50.8,98.0,1
48.0,3.46,100.0,1837.0,1272.0,26.8,20.0,0
38.9,2.41,47.9,2738.0,144.0,66.7,78.0,0
33.1,4.79,39.6,1884.0,1938.0,20.7,89.0,1
44.6,5.27,41.4,2448.0,1786.0,75.1,67.0,0
52.5,6.3,27.5,2199.0,1096.0,56.8,39.0,0
54.5,1.78,51.5,2509.0,619.0,54.3,106.0,0
81.2,5.84,21.4,2160.0,1396.0,59.9,77.0,1
71.3,2.44,29.2,1185.0,1667.0,56.1,87.0,1
46.5,3.36,41.7,2655.0,1572.0,42.7,79.0,0
62.2,3.76,32.8,2052.0,1954.0,39.7,87.0,0
53.1,5.57,78.6,2534.0,1274.0,49.1,18.0,0
54.6,4.51,28.4,2480.0,642.0,82.6,111.0,0
60.2,2.38,89.3,1675.0,996.0,29.5,35.0,0
65.4,0.53,37.7,1597.0,1633.0,42.7,101.0,1
53.9,3.99,28.7,2460.0,531.0,33.5,107.0,0
70.8,3.28,20.8,1933.0,463.0,49.9,78.0,0
44.3,1.19,77.2,2615.0,1450.0,29.3,72.0,0
58.1,3.51,40.5,2002.0,889.0,73.3,14.0,0
89.2,2.98,60.8,2663.0,1633.0,27.2,53.0,1
60.7,6.26,28.9,2333.0,287.0,66.6,74.0,0
75.2,8.3,98.8,2258.0,671.0,38.7,11.0,1
59.1,5.19,30.0,1894.0,536.0,53.1,14.0,0
65.0,2.88,53.0,2228.0,1396.0,34.0,119.0,0
57.3,3.15,88.1,2756.0,1519.0,71.1,41.0,0
56.0,1.74,39.6,2070.0,912.0,86.4,43.0,0
48.6,1.97,41.4,2392.0,956.0,35.5,31.0,0
63.2,2.78,84.7,2125.0,264.0,86.7,78.0,0
47.8,2.6,41.9,2169.0,1404.0,42.8,57.0,0
66.0,1.14,20.2,3048.0,1985.0,59.0,95.0,1
71.0,6.3,54.2,2761.0,1556.0,69.1,62.0,1
62.4,6.8,21.0,2144.0,446.0,33.9,3.0,0
54.6,6.19,92.8,2218.0,1246.0,51.1,58.0,1
63.4,6.94,71.3,1714.0,590.0,24.7,8.0,0
54.3,9.66,66.6,2005.0,60.0,68.8,99.0,0
69.2,1.76,36.1,2270.0,360.0,49.2,15.0,0
36.0,9.43,76.0,2568.0,205.0,82.4,27.0,1
54.0,2.37,74.2,2512.0,392.0,39.2,56.0,0
34.1,4.35,24.8,1490.0,1591.0,84.7,24.0,1
40.1,0.94,90.5,2637.0,586.0,29.9,65.0,1
74.4,2.18,66.4,2051.0,1514.0,62.5,56.0,1
68.7,5.28,83.4,1557.0,1898.0,41.5,114.0,1
49.4,4.47,41.0,2835.0,1149.0,32.7,12.0,0
40.0,2.34,29.8,2905.0,971.0,26.6,70.0,0
28.0,3.15,76.2,2245.0,1500.0,65.9,87.0,1
51.5,2.03,83.5,2490.0,194.0,36.3,16.0,0
87.0,5.27,50.9,2522.0,856.0,60.1,77.0,1
63.2,6.54,21.9,2868.0,998.0,88.6,104.0,0
51.3,1.77,85.5,2500.0,1662.0,42.1,95.0,0
63.6,2.96,36.5,1370.0,1628.0,22.4,112.0,1
39.3,1.11,47.1,3205.0,1697.0,30.0,87.0,1
54.4,3.45,70.3,2686.0,1396.0,28.4,48.0,0
59.2,4.09,28.0,1820.0,1061.0,52.4,111.0,0
57.0,3.62,25.8,1534.0,1656.0,72.1,28.0,0
67.5,3.9,22.1,2378.0,1747.0,40.8,70.0,1
62.1,2.76,93.3,1947.0,961.0,30.2,92.0,0
66.0,2.81,44.9,2281.0,1971.0,64.9,105.0,0
49.7,2.72,72.9,2509.0,1750.0,41.1,110.0,1
68.8,2.13,99.1,1788.0,1021.0,60.3,11.0,0
77.5,2.31,73.6,1486.0,139.0,85.4,87.0,1
46.4,3.98,62.0,2312.0,449.0,40.4,25.0,0
47.3,6.31,61.7,1807.0,1553.0,55.9,94.0,0
74.0,1.55,50.2,2180.0,222.0,76.5,84.0,1
55.7,2.8,68.0,1361.0,940.0,68.4,23.0,0
74.8,1.33,96.7,1961.0,1210.0,72.6,100.0,1
52.7,2.16,83.0,2493.0,1757.0,74.1,56.0,0
75.5,2.4,53.9,2433.0,1694.0,57.8,66.0,1
59.6,3.31,46.6,1666.0,1529.0,57.5,117.0,0
61.1,3.25,90.7,1457.0,815.0,70.3,79.0,1
76.8,2.94,30.9,2109.0,284.0,68.8,71.0,1
53.7,3.79,88.0,2409.0,1339.0,66.9,3.0,0
46.7,1.66,40.4,2323.0,363.0,46.7,25.0,0
52.6,3.32,77.3,1818.0,1123.0,78.0,4.0,0
63.4,4.55,84.5,2264.0,1961.0,36.5,41.0,0
39.2,1.65,58.2,2926.0,1101.0,30.9,42.0,0
65.6,0.8,35.4,2213.0,1291.0,44.2,64.0,0
51.5,5.25,87.6,1202.0,1355.0,37.8,83.0,0
71.8,1.36,49.4,2212.0,1661.0,66.4,22.0,1
29.3,2.09,45.7,3224.0,870.0,36.2,73.0,1
48.6,4.47,60.8,1392.0,995.0,66.0,110.0,0
37.8,1.59,54.8,2116.0,352.0,55.9,23.0,0
48.1,5.04,74.6,1976.0,1229.0,30.7,79.0,1
61.0,1.89,31.0,2153.0,592.0,38.1,6.0,0
55.8,1.74,54.9,2207.0,1015.0,56.5,64.0,0
55.0,1.33,91.3,2727.0,1533.0,71.3,89.0,0
56.1,1.91,22.9,2147.0,35.0,47.9,5.0,0
60.4,4.13,56.6,2802.0,1128.0,36.3,41.0,0
45.9,2.09,72.8,2035.0,347.0,40.7,105.0,0
66.5,5.26,91.0,1907.0,559.0,26.7,28.0,0
66.0,3.01,67.5,1732.0,69.0,21.8,87.0,0
62.6,3.18,86.0,1101.0,339.0,88.1,74.0,0
64.7,1.7,37.8,2252.0,1973.0,26.7,20.0,0
61.6,5.7,48.2,3230.0,1997.0,28.7,89.0,0
82.4,4.57,95.4,2352.0,1440.0,81.0,64.0,1
57.0,4.49,90.9,2478.0,1224.0,66.4,14.0,0
54.3,2.67,64.6,1873.0,1554.0,50.5,114.0,0
49.0,1.21,58.0,1966.0,1793.0,65.4,60.0,0
45.6,3.28,56.1,2642.0,1039.0,85.4,90.0,1
43.1,4.03,24.7,3205.0,71.0,27.0,27.0,0
47.3,4.05,91.4,2918.0,1419.0,37.1,17.0,0
57.2,3.74,85.5,2543.0,1969.0,80.2,89.0,0
62.0,3.65,56.5,2119.0,516.0,74.6,81.0,0
58.6,1.89,42.4,2215.0,927.0,89.6,34.0,0
48.8,1.95,47.4,1686.0,723.0,42.0,90.0,0
68.8,1.34,29.9,1304.0,781.0,86.1,61.0,0
66.9,5.29,77.7,1480.0,1443.0,44.1,42.0,0
56.1,8.09,64.5,2127.0,757.0,70.1,95.0,0
50.2,12.44,38.7,1939.0,1882.0,81.8,74.0,0
64.6,3.42,69.8,1292.0,1579.0,32.0,61.0,0
60.3,3.65,98.3,2079.0,55.0,34.4,93.0,0
40.6,2.73,29.8,1925.0,1637.0,60.7,66.0,1
57.2,3.38,56.7,1455.0,1546.0,79.1,113.0,1
61.1,1.58,59.5,1896.0,1033.0,25.5,98.0,0
47.2,2.7,33.3,1923.0,994.0,79.6,44.0,0
60.3,1.75,62.5,1761.0,1671.0,44.0,56.0,0
40.5,2.49,68.5,2610.0,850.0,48.4,115.0,0
74.0,1.85,32.6,1053.0,319.0,43.8,108.0,1
73.0,4.03,32.4,1008.0,626.0,83.8,24.0,1
55.0,4.32,88.5,2102.0,530.0,29.2,34.0,0
62.4,3.59,44.9,2153.0,1362.0,60.2,44.0,0
29.1,1.96,70.4,2322.0,358.0,30.4,106.0,1
44.1,1.27,70.1,1804.0,1290.0,85.0,111.0,0
54.5,4.35,87.1,1595.0,932.0,75.9,96.0,0
45.1,3.0,79.2,2096.0,1679.0,36.4,34.0,1
66.6,0.77,87.2,1857.0,970.0,40.8,107.0,0
82.0,3.26,70.0,2953.0,1860.0,46.7,5.0,1
43.9,3.67,56.0,1922.0,1801.0,48.4,51.0,0
48.0,0.98,51.5,2071.0,371.0,77.2,46.0,0
60.8,4.07,50.3,3461.0,1372.0,59.5,65.0,0
77.3,1.1,53.5,1993.0,429.0,50.0,68.0,1
43.3,1.82,30.3,2406.0,1647.0,70.4,28.0,1
61.0,1.1,53.9,2455.0,1271.0,52.1,25.0,0
79.9,1.69,51.2,2502.0,588.0,29.0,97.0,0
38.2,1.28,22.8,2259.0,498.0,27.5,10.0,1
42.6,5.28,42.0,2207.0,859.0,42.8,60.0,0
52.9,2.58,80.2,2155.0,1601.0,62.2,24.0,0
51.8,2.24,66.2,1783.0,1592.0,29.4,39.0,0
67.8,5.56,84.5,2279.0,67.0,58.5,34.0,0
60.9,5.4,63.4,3216.0,605.0,38.9,85.0,0
36.7,2.36,88.3,2766.0,846.0,68.7,55.0,0
64.2,3.55,83.7,2267.0,1171.0,22.0,37.0,0
51.1,2.05,27.9,2571.0,299.0,52.8,100.0,0
73.3,2.82,98.2,1622.0,671.0,23.7,11.0,0
50.5,1.45,21.2,1957.0,1771.0,43.1,92.0,0
50.4,3.85,67.7,2621.0,953.0,21.1,31.0,0
64.5,5.68,83.4,2918.0,1488.0,52.8,110.0,0
67.2,5.13,46.6,1676.0,970.0,73.7,2.0,1
63.4,3.09,67.9,1834.0,930.0,27.0,67.0,0
37.8,0.71,49.0,3300.0,1244.0,71.5,75.0,0
64.5,1.99,24.8,2153.0,519.0,60.9,70.0,1
45.6,2.82,20.7,3103.0,500.0,55.3,98.0,0
60.8,1.16,27.6,2214.0,1979.0,62.0,14.0,0
40.9,1.02,27.9,2235.0,1738.0,43.5,50.0,1
63.4,6.57,68.9,1932.0,1476.0,69.7,104.0,1
48.3,4.79,62.1,2618.0,274.0,74.6,107.0,1
42.6,4.03,56.4,2847.0,60.0,74.5,60.0,0
66.6,4.48,75.4,1531.0,351.0,38.9,67.0,0
60.9,1.31,21.3,1906.0,1875.0,65.8,92.0,0
50.6,1.65,41.7,2603.0,1633.0,30.4,94.0,0
75.4,3.42,82.2,2029.0,1046.0,54.7,107.0,1
52.7,3.58,92.8,1829.0,1938.0,20.2,101.0,0
58.4,1.12,55.1,2655.0,293.0,33.6,50.0,0
61.2,3.28,26.5,2707.0,1118.0,64.2,78.0,0
50.6,2.85,83.9,1853.0,366.0,81.2,59.0,0
63.7,5.03,90.8,2217.0,613.0,23.4,15.0,0
51.6,3.59,53.1,1435.0,1880.0,59.1,99.0,0
53.1,6.99,39.5,1607.0,1737.0,64.6,73.0,0
74.4,2.37,23.5,2168.0,204.0,85.3,8.0,0
45.5,1.38,67.3,2117.0,499.0,65.9,82.0,0
29.0,6.89,92.8,1568.0,1189.0,27.2,35.0,1
77.3,3.7,74.2,1706.0,123.0,30.3,9.0,1
88.6,2.86,45.4,1514.0,1100.0,64.5,73.0,1
53.1,1.7,71.4,2350.0,1169.0,35.1,88.0,0
34.8,2.39,86.6,1018.0,582.0,85.0,63.0,1
54.3,2.31,58.1,1544.0,586.0,84.4,2.0,0
54.6,1.33,85.6,1075.0,458.0,86.4,70.0,0
55.7,0.54,51.4,2330.0,1871.0,40.5,2.0,0
44.6,2.27,47.9,1108.0,778.0,70.2,111.0,0
65.0,4.54,66.6,2117.0,1171.0,66.4,33.0,0
64.3,5.96,57.2,3002.0,603.0,22.5,105.0,0
40.1,5.14,98.2,3020.0,1405.0,38.6,2.0,1
66.4,5.31,61.3,1107.0,203.0,34.5,13.0,0
82.6,1.45,50.8,2264.0,143.0,46.0,55.0,1
60.1,3.46,51.6,1556.0,1489.0,86.7,91.0,0
54.0,4.05,63.8,1444.0,1453.0,79.2,113.0,1
56.3,4.19,48.4,2038.0,530.0,40.5,63.0,0
65.4,2.83,77.8,2776.0,710.0,57.1,43.0,0
37.2,3.21,50.5,2430.0,1915.0,33.5,6.0,1
60.0,5.06,50.7,1707.0,209.0,39.4,70.0,0
53.3,3.96,69.4,2488.0,366.0,24.6,46.0,0
80.2,4.39,24.9,866.0,860.0,65.0,109.0,1
55.9,2.21,72.4,1686.0,564.0,66.0,58.0,1
78.0,4.26,60.4,1647.0,1298.0,78.7,92.0,1
44.8,3.19,56.2,2143.0,1381.0,81.0,102.0,0
65.0,4.77,77.5,1988.0,1053.0,31.2,13.0,1
61.8,1.89,80.7,2022.0,1222.0,72.0,53.0,0
47.6,4.55,87.7,2004.0,867.0,29.4,107.0,0
60.1,2.41,50.0,2112.0,1521.0,46.2,52.0,0
72.6,4.57,46.2,2397.0,84.0,56.1,68.0,0
54.1,3.47,77.1,2182.0,626.0,23.5,105.0,0
37.7,3.05,66.5,1944.0,1369.0,31.0,29.0,1
57.8,2.49,70.5,2321.0,659.0,39.0,107.0,0
47.2,2.87,64.4,2554.0,157.0,28.9,48.0,0
53.9,2.28,81.8,1794.0,690.0,85.4,72.0,0
57.0,2.46,35.2,2067.0,1423.0,40.2,40.0,0
37.5,3.9,64.5,2739.0,244.0,55.1,64.0,1
38.6,0.87,32.6,1493.0,1449.0,89.8,7.0,0
63.8,4.53,52.6,3093.0,1551.0,59.7,9.0,0
51.7,4.57,73.1,1363.0,1271.0,48.8,50.0,0
28.0,2.54,59.4,1910.0,488.0,85.1,41.0,1
67.4,3.26,50.4,1577.0,1611.0,35.6,74.0,0
61.3,1.58,90.8,3303.0,429.0,32.6,6.0,0
49.4,3.75,81.8,1823.0,1812.0,57.5,21.0,1
42.2,1.71,62.1,1825.0,1413.0,49.9,26.0,1
68.0,0.3,96.0,1896.0,109.0,75.8,53.0,0
62.2,5.83,53.9,2153.0,1599.0,22.9,30.0,0
86.6,1.46,83.0,1919.0,1013.0,63.2,17.0,1
63.0,2.83,33.4,2027.0,905.0,69.7,72.0,0
62.7,3.34,42.9,600.0,841.0,88.0,90.0,0
56.0,3.9,47.0,2131.0,1213.0,30.2,83.0,1
67.8,2.99,28.5,2110.0,1449.0,37.2,34.0,0
65.5,3.51,60.1,2671.0,1792.0,85.3,103.0,0
73.0,2.5,35.4,2820.0,546.0,64.1,74.0,1
51.7,1.0,70.7,1997.0,1262.0,22.7,74.0,0
52.8,2.92,35.2,2549.0,1373.0,25.4,26.0,0
52.3,4.21,29.9,1494.0,1350.0,75.0,30.0,1
67.5,1.52,97.5,2522.0,986.0,59.7,57.0,0
76.0,3.36,72.7,1785.0,782.0,59.6,29.0,1
52.5,7.77,94.9,1448.0,1525.0,81.6,83.0,0
52.9,2.8,59.2,1998.0,600.0,36.9,38.0,0
61.8,2.89,22.7,2870.0,416.0,31.2,19.0,0
55.1,0.94,65.9,2200.0,1092.0,63.0,19.0,0
69.4,1.4,64.7,2923.0,535.0,81.8,16.0,0
31.0,1.72,21.2,1688.0,66.0,38.6,53.0,1
48.1,4.11,88.9,2676.0,103.0,67.7,1.0,0
48.6,1.59,69.6,1741.0,1390.0,30.7,66.0,1
30.2,0.7,79.6,2224.0,1946.0,32.0,36.0,1
46.4,3.71,59.5,2219.0,909.0,83.1,67.0,0
47.0,1.83,69.5,2464.0,294.0,28.3,112.0,0
55.6,0.97,40.6,2238.0,1636.0,21.7,104.0,0
71.4,4.4,97.9,1693.0,523.0,74.2,70.0,0
55.1,2.32,52.1,2584.0,1991.0,45.4,51.0,0
45.6,3.91,33.0,3052.0,1127.0,47.8,84.0,1
57.3,0.94,24.5,1779.0,465.0,76.0,111.0,0
70.6,0.49,70.9,1091.0,992.0,32.6,59.0,1
46.3,3.17,98.7,2375.0,671.0,65.5,13.0,0
47.1,1.36,91.7,1918.0,1559.0,41.9,92.0,0
64.7,3.15,76.2,2028.0,212.0,27.3,2.0,0
55.3,3.19,99.2,2406.0,1714.0,68.1,92.0,1
65.8,2.95,77.8,1849.0,1535.0,42.3,11.0,0
57.8,5.29,47.1,1952.0,1723.0,80.7,14.0,0
66.4,11.45,68.1,2045.0,1790.0,84.3,94.0,1
45.6,3.67,26.4,2908.0,460.0,79.4,83.0,0
57.9,7.76,37.7,2117.0,1042.0,42.6,68.0,0
55.5,2.36,53.4,1420.0,1700.0,36.6,99.0,0
43.4,1.18,36.1,1442.0,755.0,82.5,102.0,1
39.2,1.91,96.3,2177.0,121.0,51.7,55.0,0
66.2,2.45,99.6,1479.0,583.0,69.5,120.0,1
53.8,8.13,49.7,1241.0,484.0,77.9,44.0,0
45.7,3.05,76.7,2450.0,1740.0,39.4,21.0,0
56.8,5.4,52.6,2476.0,928.0,28.3,102.0,0
71.5,2.24,31.2,1898.0,1367.0,63.7,50.0,1
30.6,2.07,47.0,2262.0,1924.0,61.3,105.0,1
40.0,0.91,38.7,2203.0,598.0,38.9,8.0,0
46.9,7.98,46.2,2431.0,1522.0,60.9,14.0,0
75.5,6.42,37.2,2433.0,46.0,75.3,6.0,0
61.4,3.38,29.0,667.0,208.0,44.5,73.0,0
67.2,2.54,37.4,1968.0,324.0,37.0,100.0,0
44.3,3.12,92.5,2385.0,625.0,70.8,49.0,1
44.6,1.15,26.8,1874.0,806.0,75.0,12.0,0
63.4,3.91,46.0,2120.0,954.0,86.8,45.0,0
58.7,6.12,62.3,2513.0,491.0,30.3,42.0,0
64.6,6.3,48.4,2145.0,132.0,82.2,78.0,0
55.7,0.94,61.4,2929.0,1355.0,73.6,79.0,0
61.3,5.37,23.5,2720.0,47.0,69.1,13.0,0
59.9,1.15,71.9,2035.0,1619.0,41.9,51.0,0
67.3,0.53,65.1,1991.0,1858.0,21.6,77.0,0
67.7,5.49,74.5,600.0,1421.0,55.5,32.0,1
38.6,2.13,65.4,1920.0,1192.0,40.0,49.0,1
31.0,5.06,55.0,1356.0,1314.0,40.3,74.0,1
70.0,4.8,48.0,2222.0,1304.0,84.9,49.0,0
72.3,4.46,38.1,2184.0,1863.0,30.7,5.0,0
45.8,3.1,60.0,2483.0,1929.0,85.4,27.0,0
35.7,1.25,22.1,2868.0,853.0,55.3,93.0,1
59.2,2.46,46.3,2086.0,1234.0,78.7,31.0,0
69.2,6.36,74.2,3354.0,1606.0,39.9,98.0,1
79.6,5.13,28.7,2228.0,2.0,64.4,57.0,1
64.2,2.54,25.0,1379.0,1054.0,59.0,57.0,0
53.5,2.52,72.2,1791.0,1306.0,84.7,93.0,0
47.3,4.23,51.8,1895.0,1434.0,32.6,47.0,0
58.1,3.23,84.1,2426.0,738.0,34.3,29.0,0
54.4,2.62,95.0,1579.0,591.0,86.4,13.0,0
45.8,4.03,96.6,1936.0,364.0,26.9,81.0,0
82.6,3.95,54.0,2011.0,1116.0,64.4,57.0,1
79.4,1.95,41.1,1854.0,1839.0,24.2,97.0,1
71.6,3.62,68.7,2546.0,1792.0,25.4,55.0,1
46.9,3.81,70.3,2453.0,720.0,61.8,50.0,0
68.3,2.96,69.8,2742.0,516.0,58.6,37.0,0
65.7,1.81,45.7,1918.0,1578.0,60.1,25.0,1
63.3,2.41,25.1,2761.0,1450.0,53.2,100.0,0
73.0,1.57,36.8,1350.0,1011.0,72.0,12.0,1
65.6,3.68,32.4,1336.0,778.0,89.5,108.0,0
66.9,0.95,29.9,1432.0,248.0,39.3,4.0,0
65.6,6.73,94.1,2105.0,1570.0,42.6,63.0,0
62.1,5.96,21.1,2761.0,1235.0,42.6,8.0,0
36.6,3.86,68.1,1769.0,754.0,73.4,94.0,1
59.0,4.96,95.8,1838.0,1838.0,44.4,26.0,1
51.3,4.77,48.8,1981.0,1319.0,67.4,68.0,0
42.6,3.26,62.2,2415.0,1858.0,51.2,110.0,1
78.2,2.67,75.7,1837.0,949.0,62.5,78.0,1
78.7,2.48,45.4,1807.0,909.0,78.0,22.0,0
74.3,6.87,58.2,1360.0,1874.0,56.0,96.0,1
61.1,1.77,85.4,1786.0,1920.0,53.3,54.0,0
74.2,1.79,79.6,2748.0,1922.0,38.7,3.0,0
58.1,5.21,84.7,2150.0,1638.0,56.1,59.0,0
60.4,4.93,99.0,1693.0,925.0,38.4,98.0,1
44.9,2.57,49.6,2780.0,421.0,79.0,52.0,0
62.8,4.11,79.8,1778.0,767.0,47.2,91.0,0
58.7,4.42,68.2,2881.0,1877.0,29.0,85.0,0
42.4,1.21,73.3,2872.0,727.0,36.8,55.0,0
57.4,6.18,79.2,2131.0,1513.0,57.4,39.0,0
57.0,4.42,80.0,1276.0,1846.0,84.1,87.0,0
79.6,3.91,90.9,3359.0,1941.0,41.0,45.0,1
68.7,4.44,47.9,2313.0,1895.0,38.5,21.0,1
58.1,3.64,72.3,1922.0,1110.0,48.5,39.0,0
61.0,2.85,42.4,2626.0,984.0,87.7,105.0,0
58.5,0.67,67.6,2486.0,1975.0,79.2,35.0,0
55.6,3.28,80.1,2821.0,436.0,30.5,29.0,0
45.0,1.13,83.3,1736.0,375.0,63.0,17.0,0
56.2,8.39,53.6,2275.0,1926.0,75.4,8.0,0
49.0,2.82,60.7,1448.0,1378.0,73.8,117.0,0
43.0,8.31,46.7,2466.0,1073.0,54.2,65.0,0
64.1,3.31,33.5,2087.0,264.0,71.2,88.0,0
62.7,2.06,40.8,2255.0,1026.0,60.9,93.0,0
36.6,6.08,93.0,2020.0,1888.0,34.1,43.0,1
56.5,3.81,44.7,1962.0,1206.0,23.9,96.0,1
69.9,10.08,98.0,1622.0,809.0,45.9,115.0,1
70.7,2.02,39.3,2535.0,1102.0,24.3,89.0,0
70.3,6.22,77.8,2919.0,1772.0,47.7,86.0,0
58.5,6.41,65.9,1794.0,1826.0,78.0,52.0,0
47.9,4.63,75.7,2404.0,800.0,79.1,101.0,1
45.0,6.44,71.5,2338.0,1216.0,22.4,12.0,0
62.1,2.86,76.5,2104.0,558.0,24.9,90.0,0
62.6,1.76,92.4,1260.0,902.0,66.9,44.0,1
73.4,2.18,65.1,1384.0,440.0,55.0,68.0,0
71.2,3.18,25.4,1670.0,1063.0,30.5,107.0,0
56.4,4.77,41.7,924.0,1156.0,76.4,73.0,0
43.1,1.85,76.7,2874.0,676.0,35.2,4.0,0
54.2,2.48,59.5,2302.0,544.0,25.5,87.0,0
60.6,1.94,63.9,2084.0,302.0,72.5,112.0,0
55.6,5.26,67.7,895.0,279.0,62.6,77.0,1
51.1,8.27,50.6,1097.0,1423.0,47.6,104.0,0
61.0,1.56,81.9,2099.0,443.0,68.5,99.0,0
52.0,4.22,77.9,3184.0,236.0,83.8,103.0,0
50.5,5.63,77.1,1716.0,1998.0,22.4,42.0,0
61.7,2.71,77.2,2575.0,520.0,63.9,57.0,0
53.2,1.17,91.2,1836.0,1792.0,35.3,102.0,0
60.9,6.05,67.6,2130.0,1218.0,53.2,109.0,0
61.3,1.12,97.4,2768.0,1430.0,49.7,18.0,0
44.3,7.06,29.5,1910.0,1122.0,47.3,23.0,0
52.2,1.92,70.6,1720.0,362.0,33.3,42.0,0
75.3,1.0,77.4,2880.0,1694.0,76.2,93.0,1
44.1,2.28,58.2,2125.0,1656.0,46.6,105.0,1
32.6,3.03,43.1,2700.0,699.0,82.1,70.0,1
35.7,3.42,64.0,1723.0,1528.0,44.8,14.0,1
58.3,4.42,49.2,2874.0,1086.0,78.8,37.0,0
58.4,3.6,92.7,2250.0,1818.0,58.1,103.0,0
56.6,7.89,48.5,2339.0,1606.0,47.0,42.0,0
72.6,2.94,34.1,2172.0,82.0,69.3,13.0,1
28.0,3.72,66.1,1822.0,1759.0,75.1,37.0,1
62.8,3.54,51.7,2099.0,1937.0,53.8,97.0,0
76.7,0.91,27.7,1857.0,1484.0,49.8,60.0,1
44.5,1.37,65.2,2628.0,240.0,60.4,21.0,0
53.4,3.19,63.0,1988.0,1615.0,61.0,38.0,0
49.0,3.98,33.9,1277.0,1295.0,49.8,114.0,0
47.3,0.65,67.8,1176.0,678.0,73.0,52.0,0
54.1,8.1,65.4,1150.0,1768.0,48.0,54.0,1
75.1,4.17,81.9,2440.0,1131.0,51.7,19.0,1
80.0,3.08,48.9,1467.0,1706.0,62.4,37.0,1
54.0,4.06,39.9,2265.0,1340.0,89.1,98.0,0
80.9,2.2,96.1,2175.0,577.0,38.2,95.0,1
58.4,3.44,64.9,2064.0,1950.0,36.2,53.0,0
79.0,3.77,22.2,2341.0,1142.0,32.4,107.0,1
56.9,6.09,85.7,2187.0,1034.0,68.3,46.0,0
59.6,2.78,35.7,610.0,807.0,51.4,104.0,0
62.4,1.14,82.9,1922.0,273.0,47.2,5.0,0
95.0,1.73,76.4,2334.0,1372.0,34.3,42.0,1
68.2,2.65,97.5,3002.0,862.0,82.4,103.0,0
49.5,1.24,97.2,3028.0,1869.0,51.0,108.0,1
69.6,1.61,42.0,1350.0,1930.0,62.5,91.0,1
53.7,1.74,81.3,1908.0,1535.0,27.9,81.0,0
52.1,2.54,45.3,1239.0,485.0,27.6,98.0,0
68.9,4.14,70.3,2936.0,1432.0,24.7,85.0,1
58.4,2.46,67.8,2657.0,41.0,45.7,31.0,0
61.3,4.3,24.4,2293.0,1653.0,53.1,56.0,0
58.2,3.08,20.4,2191.0,987.0,37.1,80.0,0
62.0,1.64,24.6,2859.0,1873.0,44.5,71.0,0
63.1,3.81,30.2,2766.0,756.0,20.4,106.0,0
34.8,3.47,40.6,2737.0,526.0,44.6,57.0,1
66.0,4.37,92.6,2351.0,1990.0,28.3,22.0,0
46.2,4.89,61.5,1908.0,1061.0,29.0,27.0,0
40.7,6.2,83.8,2522.0,1726.0,20.3,102.0,1
57.3,4.22,87.1,2549.0,1822.0,68.7,2.0,0
59.0,3.4,78.8,1995.0,1037.0,85.2,104.0,0
49.7,4.38,51.3,1907.0,911.0,63.5,8.0,0
68.0,2.31,89.1,2723.0,1106.0,26.7,48.0,1
41.9,2.2,79.4,3015.0,1695.0,89.3,96.0,0
53.1,6.67,79.5,1688.0,1929.0,88.3,50.0,0
51.0,2.16,92.1,1955.0,657.0,52.8,99.0,0
57.4,1.77,67.9,2293.0,1477.0,27.6,13.0,0
61.3,4.22,62.3,2368.0,571.0,70.5,62.0,0
45.9,2.32,91.2,1813.0,1222.0,87.3,70.0,0
66.7,4.87,56.4,3136.0,1610.0,74.5,107.0,0
58.8,5.94,84.9,2332.0,1773.0,63.7,12.0,1
35.3,1.94,24.3,2392.0,897.0,62.8,41.0,0
34.5,4.52,20.1,3067.0,740.0,88.5,79.0,1
57.9,2.13,62.3,1853.0,507.0,25.1,118.0,1
55.3,2.68,25.9,2051.0,267.0,30.5,102.0,0
56.8,3.71,98.1,1411.0,730.0,78.2,102.0,0
57.7,2.21,20.4,2005.0,1744.0,30.2,63.0,0
60.7,3.51,77.5,1281.0,838.0,46.8,68.0,0
69.4,2.82,39.5,2511.0,635.0,39.7,103.0,0
44.7,4.93,97.4,2331.0,1478.0,37.0,104.0,1
43.9,4.93,50.5,1948.0,431.0,21.8,96.0,0
44.9,2.21,22.2,2045.0,513.0,59.6,98.0,0
61.5,3.76,22.2,2519.0,1872.0,48.1,106.0,0
72.9,5.36,64.3,1475.0,163.0,58.6,15.0,0
52.8,1.59,98.9,2212.0,829.0,41.3,36.0,0
28.0,2.81,98.4,2485.0,1154.0,85.9,117.0,1
37.6,3.66,47.0,1120.0,461.0,61.4,66.0,1
48.0,1.54,58.6,2477.0,562.0,87.3,22.0,0
51.3,2.38,28.0,1179.0,444.0,44.5,61.0,0
53.1,7.44,61.8,2035.0,690.0,20.2,78.0,0
58.5,2.16,68.0,1460.0,1797.0,74.7,100.0,1
54.3,2.31,40.1,2887.0,863.0,77.9,98.0,0
70.6,1.0,69.0,1464.0,836.0,24.1,7.0,1
49.9,4.19,92.0,1192.0,773.0,63.8,55.0,0
47.7,1.42,20.1,2173.0,1928.0,66.3,3.0,0
63.7,2.84,38.3,1872.0,235.0,30.2,107.0,0
39.6,1.78,36.8,1272.0,1744.0,58.7,22.0,1
62.7,3.51,29.9,2389.0,654.0,37.0,75.0,0
59.2,0.3,33.3,1005.0,1913.0,21.2,69.0,0
56.2,3.23,70.1,1530.0,630.0,80.7,75.0,0
77.1,3.72,28.2,1784.0,166.0,54.4,68.0,1
50.5,2.42,79.1,2541.0,1040.0,74.7,86.0,0
82.7,2.51,91.0,2813.0,456.0,70.6,76.0,1
55.3,2.24,94.1,2707.0,1506.0,89.6,12.0,0
42.7,2.82,72.8,2016.0,1315.0,50.7,45.0,0
58.8,6.72,35.8,765.0,1373.0,49.9,66.0,0
45.1,5.01,26.8,2315.0,387.0,39.7,40.0,0
49.0,2.82,38.6,2909.0,1417.0,63.8,91.0,0
62.8,2.38,97.0,2779.0,623.0,54.0,39.0,0
64.7,4.75,97.0,2355.0,1997.0,71.0,100.0,1
50.5,3.38,50.6,1446.0,1464.0,45.0,18.0,0
69.8,1.52,46.1,1811.0,1181.0,29.2,93.0,1
71.9,2.63,60.8,3164.0,1734.0,80.4,23.0,1
75.2,6.33,43.3,1321.0,1179.0,78.0,64.0,1
64.4,4.1,98.4,1469.0,1105.0,44.6,39.0,1
74.4,2.4,37.7,2618.0,475.0,68.3,77.0,0
35.4,1.08,49.5,1863.0,1356.0,54.5,26.0,1
54.2,3.5,54.3,1450.0,749.0,73.3,96.0,0
47.6,3.09,30.0,2940.0,86.0,47.3,69.0,0
59.4,2.77,50.6,2354.0,1632.0,57.5,115.0,0
51.1,4.78,88.5,1890.0,104.0,24.0,86.0,0
56.0,4.13,31.2,1470.0,1345.0,32.2,73.0,0
80.6,1.11,66.7,3226.0,313.0,74.7,100.0,1
56.0,3.1,52.5,2087.0,865.0,46.7,27.0,0
63.0,1.32,33.6,2869.0,1718.0,22.5,76.0,0
55.2,2.26,21.0,2591.0,189.0,31.7,47.0,0
58.9,1.25,41.9,1814.0,1334.0,48.8,90.0,0
58.1,1.28,24.9,1818.0,1225.0,70.3,4.0,0
63.4,3.75,50.1,2895.0,1735.0,45.4,52.0,1
72.0,3.54,84.8,2904.0,345.0,72.2,79.0,0
77.8,2.96,77.6,1068.0,1600.0,80.1,56.0,1
61.7,2.14,95.8,2402.0,900.0,43.9,29.0,1
65.1,1.18,54.2,2033.0,857.0,76.0,56.0,0
44.2,2.27,76.6,1532.0,724.0,28.9,102.0,0
56.9,3.55,73.2,2244.0,771.0,49.1,26.0,0
69.3,3.5,37.4,1358.0,1040.0,26.8,45.0,0
68.4,6.25,44.3,1843.0,214.0,23.7,119.0,1
60.5,5.76,62.4,1661.0,850.0,24.5,110.0,0
68.6,3.04,83.7,1825.0,1304.0,27.3,5.0,0
63.9,2.25,56.9,2061.0,996.0,78.5,64.0,0
72.4,1.81,38.2,1541.0,332.0,58.1,9.0,0
61.5,1.06,99.5,2965.0,726.0,86.3,111.0,0
53.7,1.42,29.2,2371.0,886.0,57.7,54.0,0
62.0,3.55,96.5,3087.0,1338.0,64.0,51.0,0
28.0,4.29,84.7,2012.0,1802.0,32.9,33.0,1
62.6,2.54,87.1,1798.0,1101.0,57.8,69.0,0
28.0,9.89,83.6,3067.0,1353.0,47.0,18.0,1
37.3,1.42,36.7,1782.0,154.0,85.2,96.0,0
63.4,0.98,70.6,2002.0,1909.0,85.4,59.0,0
63.7,9.79,80.5,2496.0,630.0,33.9,68.0,0
44.1,1.14,79.7,1419.0,709.0,63.4,101.0,0
49.5,2.52,41.7,2491.0,446.0,64.7,23.0,0
74.4,1.91,34.5,2421.0,169.0,59.4,22.0,0
52.2,3.7,46.2,2798.0,1580.0,28.7,51.0,0
84.9,2.4,58.4,2590.0,481.0,65.8,95.0,1
58.0,4.3,65.9,2815.0,565.0,75.9,8.0,0
62.9,4.84,87.0,2039.0,364.0,44.2,96.0,0
77.4,1.05,81.5,1626.0,1950.0,56.0,61.0,1
59.6,1.77,74.1,3260.0,1562.0,28.1,68.0,0
46.0,4.51,41.1,1260.0,1860.0,85.1,68.0,0
56.7,5.38,58.3,1315.0,1723.0,27.7,8.0,0
57.6,3.32,46.8,2411.0,1813.0,34.6,31.0,0
41.6,3.86,38.8,2994.0,958.0,40.9,91.0,0
54.9,6.48,20.8,2204.0,341.0,77.8,50.0,0
49.1,2.42,47.2,2650.0,654.0,69.0,68.0,0
69.1,3.3,40.5,1002.0,585.0,20.5,113.0,1
58.4,5.76,65.8,1825.0,1434.0,32.8,7.0,0
54.6,5.97,25.0,1069.0,51.0,72.5,55.0,0
56.7,2.83,41.6,2529.0,284.0,48.3,44.0,0
60.7,1.81,23.6,1249.0,1366.0,21.8,14.0,0
65.4,2.82,71.3,1397.0,247.0,87.5,114.0,0
46.0,2.98,65.5,2383.0,97.0,30.6,115.0,0
45.5,1.77,47.0,2684.0,218.0,55.7,38.0,0
71.3,1.94,31.8,2013.0,1381.0,37.4,114.0,1
53.1,5.97,96.6,2414.0,279.0,71.6,5.0,0
41.0,3.96,66.8,2396.0,293.0,74.4,118.0,1
63.3,2.52,74.3,1982.0,461.0,47.8,100.0,0
63.6,1.48,62.5,1498.0,1502.0,66.1,27.0,0
39.6,1.96,84.5,2411.0,401.0,83.6,72.0,0
60.8,0.93,91.7,2437.0,71.0,77.0,96.0,0
66.8,3.38,50.6,2592.0,1812.0,49.0,39.0,0
62.5,1.89,75.2,2272.0,1753.0,50.9,43.0,0
65.6,3.53,38.4,1457.0,370.0,82.1,76.0,0
41.1,4.48,72.1,2480.0,531.0,22.4,19.0,0
62.0,3.56,51.9,2099.0,377.0,21.6,15.0,0
54.4,2.34,20.5,1834.0,1439.0,34.4,31.0,0
52.2,1.71,96.4,1938.0,500.0,77.9,89.0,0
68.4,1.34,89.5,1720.0,1863.0,30.7,45.0,1
75.8,5.65,43.3,2589.0,1655.0,40.0,61.0,1
79.5,3.47,99.8,1320.0,1177.0,64.0,24.0,1
73.8,2.42,45.4,1554.0,18.0,32.9,24.0,1
56.7,4.15,56.7,1919.0,1767.0,41.2,78.0,0
62.2,5.15,88.1,2988.0,1456.0,52.7,14.0,0
67.2,1.91,44.4,2680.0,1576.0,36.0,80.0,1
59.5,3.41,56.0,1198.0,144.0,89.5,49.0,0
59.6,3.45,73.2,2843.0,1417.0,31.4,81.0,0
67.9,6.32,30.4,2842.0,1609.0,79.5,46.0,0
57.3,2.4,53.8,1454.0,1913.0,52.9,102.0,1
49.2,1.67,44.8,713.0,1161.0,29.0,8.0,0
53.0,3.63,74.1,2060.0,1016.0,28.3,107.0,0
65.6,4.35,30.9,2717.0,851.0,55.0,33.0,0
58.0,3.25,38.6,2975.0,1403.0,44.7,6.0,0
62.1,6.56,76.9,1621.0,1842.0,36.4,68.0,0
66.0,2.39,32.5,3064.0,1200.0,87.1,28.0,1
53.5,3.3,53.8,875.0,455.0,52.4,56.0,0
67.1,1.11,77.0,1898.0,35.0,85.0,96.0,0
62.5,1.61,81.2,1871.0,1238.0,31.5,95.0,0
43.2,1.92,27.6,2734.0,1729.0,32.8,72.0,1
75.3,2.64,88.2,2814.0,132.0,61.7,117.0,1
52.0,1.24,77.9,2625.0,795.0,38.9,56.0,0
38.1,4.12,47.1,1357.0,1880.0,32.9,6.0,1
45.5,1.81,81.1,2574.0,1003.0,26.6,99.0,0
45.7,8.92,78.3,2380.0,441.0,25.3,27.0,1
58.6,1.86,68.1,1181.0,707.0,72.7,22.0,0
54.7,3.1,64.7,963.0,816.0,39.8,9.0,0
54.0,2.88,78.8,2671.0,235.0,88.5,40.0,0
65.4,1.52,99.9,2001.0,1322.0,32.8,40.0,0
62.1,2.65,66.3,1393.0,1184.0,44.8,37.0,0
61.8,2.63,84.7,1986.0,1295.0,46.2,72.0,0
62.9,4.84,79.5,2300.0,1222.0,55.0,90.0,0
65.4,3.71,88.5,2054.0,33.0,80.9,113.0,0
32.7,4.09,96.4,1246.0,349.0,78.4,12.0,1
53.6,4.78,35.4,3137.0,331.0,20.7,19.0,0
31.8,4.12,33.2,2652.0,196.0,48.6,71.0,1
58.4,3.4,66.9,1916.0,1471.0,78.0,13.0,0
57.9,1.91,55.9,1938.0,240.0,20.0,45.0,0
70.5,3.27,65.7,2298.0,1336.0,57.4,75.0,0
72.3,1.69,83.8,1479.0,357.0,38.2,94.0,1
60.4,2.77,94.5,2277.0,237.0,48.9,27.0,0
52.0,2.56,53.4,1368.0,325.0,49.4,80.0,0
63.8,2.65,77.4,2061.0,1017.0,47.4,78.0,0
51.7,1.25,35.7,1457.0,1291.0,82.4,103.0,1
58.0,0.3,62.8,1485.0,1624.0,57.6,38.0,0
69.8,2.28,21.7,3005.0,257.0,83.3,90.0,0
51.3,5.41,60.3,2133.0,1232.0,70.9,90.0,0
67.7,3.08,63.6,2214.0,1548.0,44.6,29.0,0
66.1,5.19,78.8,994.0,625.0,54.5,75.0,0
46.5,1.7,72.0,1772.0,159.0,47.3,81.0,0
69.7,2.21,48.7,2354.0,312.0,78.0,34.0,0
66.4,9.22,20.5,2207.0,183.0,33.1,55.0,0
59.2,1.76,29.2,915.0,1774.0,85.5,53.0,0
48.9,4.04,97.8,2214.0,753.0,60.6,93.0,0
47.7,4.04,93.8,2302.0,1047.0,62.8,1.0,0
51.5,3.79,46.0,2806.0,1537.0,56.2,61.0,0
64.5,4.07,40.7,1740.0,743.0,58.8,23.0,0
46.5,1.75,54.9,867.0,1298.0,66.7,78.0,1
63.3,2.35,75.2,1552.0,153.0,65.9,82.0,0
43.1,0.38,48.5,1497.0,962.0,35.0,61.0,1
55.6,6.44,25.4,2505.0,193.0,60.8,66.0,0
59.3,4.06,52.2,606.0,497.0,44.8,38.0,0
87.3,1.92,40.8,1853.0,587.0,64.6,38.0,1
41.5,1.71,46.0,2884.0,1435.0,58.3,90.0,0
75.7,5.46,33.0,2104.0,1348.0,32.6,17.0,0
59.8,1.84,72.7,2593.0,1494.0,71.4,93.0,0
62.9,1.92,62.1,1197.0,124.0,52.0,79.0,0
59.4,1.48,41.7,1219.0,1988.0,58.6,106.0,0
63.3,4.49,64.3,2890.0,109.0,67.1,32.0,0
56.2,5.15,59.4,2156.0,1651.0,65.7,61.0,0
75.4,2.57,83.7,2157.0,1481.0,72.4,6.0,1
52.5,5.17,96.5,1485.0,1184.0,34.5,110.0,1
71.6,3.61,30.5,2155.0,878.0,27.7,81.0,0
50.3,1.42,90.7,1470.0,1514.0,66.8,75.0,0
57.3,6.18,76.4,2753.0,1480.0,36.5,88.0,0
45.1,1.47,75.4,3600.0,274.0,28.0,35.0,1
63.5,2.68,49.9,2366.0,1585.0,29.2,73.0,0
75.3,2.57,47.5,1751.0,157.0,41.9,96.0,1
57.1,2.3,20.5,706.0,1001.0,89.4,12.0,0
55.6,0.71,98.6,1174.0,1290.0,31.0,115.0,0
44.6,8.17,68.5,2955.0,1643.0,40.9,107.0,0
55.2,0.79,52.2,1534.0,926.0,84.5,116.0,0
38.9,6.4,63.5,1896.0,474.0,87.4,97.0,1
47.0,1.67,23.2,2460.0,981.0,36.0,36.0,0
60.7,2.04,33.9,2915.0,500.0,81.6,70.0,0
73.8,6.05,69.9,1990.0,1057.0,29.7,15.0,0
91.7,3.83,61.1,1877.0,925.0,73.3,91.0,1
51.0,1.14,83.0,2139.0,1561.0,20.9,19.0,0
75.2,1.12,72.7,1755.0,480.0,48.5,104.0,0
60.9,3.51,68.1,1784.0,400.0,37.3,30.0,0
56.2,1.45,85.2,2327.0,948.0,69.3,20.0,0
63.2,3.93,25.5,2202.0,101.0,21.1,9.0,0
58.7,4.16,75.3,3272.0,459.0,52.5,86.0,0
59.3,1.79,77.2,2341.0,707.0,68.8,23.0,0
53.1,2.11,42.0,2733.0,975.0,23.3,25.0,0
41.2,3.58,35.7,1511.0,539.0,82.8,21.0,0
39.5,1.74,37.1,2389.0,1121.0,45.3,37.0,0
65.8,3.08,35.9,1702.0,1757.0,31.6,113.0,1
54.7,9.53,61.9,2317.0,1087.0,35.8,59.0,1
50.8,3.68,30.9,2479.0,574.0,43.7,32.0,0
58.1,2.32,72.7,2127.0,124.0,33.9,21.0,0
67.5,8.63,28.4,3424.0,273.0,55.7,3.0,0
60.2,4.67,22.2,2885.0,1122.0,64.3,44.0,1
50.1,1.47,45.5,2747.0,1367.0,50.3,14.0,0
72.7,1.66,35.3,2520.0,99.0,49.9,4.0,0
77.0,0.86,99.1,3070.0,371.0,74.7,13.0,0
63.9,3.54,44.2,1310.0,638.0,41.1,39.0,1
69.7,0.61,37.8,2854.0,640.0,63.6,90.0,0
72.9,8.63,35.7,1555.0,1917.0,82.5,9.0,1
71.6,2.49,49.9,1790.0,408.0,35.5,82.0,0
65.4,4.83,68.5,2409.0,125.0,63.4,75.0,0
65.2,2.36,82.6,2778.0,706.0,86.4,106.0,0
64.2,3.51,49.2,1466.0,269.0,57.1,23.0,0
44.8,2.7,70.1,1818.0,253.0,88.4,96.0,0
66.4,3.03,58.6,2154.0,815.0,41.7,104.0,0
41.7,5.69,87.7,1997.0,613.0,59.5,117.0,1
48.5,7.23,65.5,2570.0,183.0,41.8,97.0,1
73.6,6.92,43.2,3600.0,1209.0,20.3,16.0,0
68.1,13.61,76.3,2331.0,1003.0,89.8,114.0,0
75.8,1.86,85.6,1696.0,154.0,36.8,98.0,1
54.7,3.71,57.2,1387.0,1725.0,88.1,26.0,0
44.2,1.89,99.0,1921.0,569.0,65.7,21.0,0
55.1,5.56,90.3,1583.0,1923.0,83.3,112.0,1
59.2,1.52,35.8,2357.0,1863.0,87.7,20.0,0
58.9,5.74,82.9,2349.0,868.0,59.7,93.0,0
71.6,3.32,68.1,1845.0,457.0,90.0,49.0,0
53.7,2.79,62.8,3192.0,1670.0,73.7,87.0,0
62.2,2.99,61.1,1696.0,723.0,56.7,12.0,0
46.1,1.35,88.3,2034.0,327.0,65.8,87.0,0
63.4,1.42,68.9,2452.0,1103.0,33.6,62.0,0
58.0,3.35,63.0,2591.0,979.0,20.8,108.0,1
49.0,3.34,23.9,2803.0,1700.0,38.0,23.0,0
55.2,1.94,55.9,2336.0,1459.0,50.4,14.0,0
55.8,2.48,92.6,2678.0,1752.0,36.0,24.0,0
54.8,3.89,76.9,1734.0,1469.0,56.0,10.0,0
79.3,1.73,24.1,2605.0,1284.0,66.1,118.0,1
56.8,0.79,90.7,2598.0,1000.0,65.9,16.0,0
55.1,6.57,86.1,2932.0,1975.0,82.6,25.0,0
32.8,3.49,63.7,1182.0,1918.0,87.6,97.0,1
47.3,2.17,21.8,1601.0,1698.0,82.3,30.0,0
54.8,1.89,65.0,2553.0,1551.0,63.4,27.0,0
49.8,1.72,24.4,642.0,1155.0,34.4,81.0,0
74.6,5.54,45.6,2371.0,520.0,86.0,48.0,1
56.0,1.19,70.3,2683.0,1751.0,32.2,100.0,0
73.5,3.7,93.0,1783.0,22.0,30.6,77.0,0
58.7,3.7,48.6,1863.0,455.0,42.2,35.0,0
58.4,4.54,88.8,1509.0,807.0,60.2,72.0,0
56.9,2.3,93.5,1813.0,1172.0,67.7,104.0,0
58.0,6.26,21.7,1829.0,1122.0,20.9,44.0,0
78.6,4.61,39.2,1724.0,352.0,74.5,89.0,1
30.2,2.26,76.8,1694.0,210.0,32.3,50.0,1
34.0,1.83,80.5,1951.0,445.0,40.8,66.0,1
51.5,2.71,51.4,1944.0,697.0,42.5,88.0,0
58.2,2.21,72.5,3131.0,28.0,43.3,8.0,0
66.3,1.64,69.0,1883.0,1385.0,73.2,55.0,0
63.7,3.07,79.2,2289.0,495.0,22.9,12.0,0
53.4,2.49,77.5,1783.0,703.0,33.8,87.0,1
70.2,7.1,26.9,1776.0,670.0,21.6,73.0,0
70.4,2.21,32.7,1163.0,1024.0,74.5,40.0,0
60.2,1.82,30.6,1236.0,1720.0,88.9,10.0,0
69.6,2.95,94.6,1436.0,299.0,66.2,111.0,1
61.3,3.42,93.1,2201.0,681.0,61.3,38.0,0
51.3,3.58,83.8,2692.0,1384.0,83.6,34.0,0
66.4,3.56,29.3,1117.0,88.0,37.8,13.0,0
59.3,3.01,65.9,1798.0,1660.0,24.7,70.0,1
58.0,2.88,35.0,1348.0,1924.0,55.7,33.0,1
75.7,4.18,49.5,1955.0,1215.0,38.2,101.0,1
28.6,1.54,41.4,2692.0,1913.0,51.6,82.0,1
41.0,1.83,86.3,1854.0,826.0,51.9,1.0,1
43.8,0.98,31.6,2074.0,830.0,42.3,68.0,0
53.6,1.56,71.7,2900.0,212.0,54.0,29.0,0
54.9,5.24,98.7,2352.0,71.0,46.6,3.0,0
39.9,4.08,75.0,1682.0,489.0,27.9,75.0,0
46.2,7.62,26.3,2187.0,956.0,80.7,25.0,0
47.7,6.62,92.6,1645.0,1015.0,69.1,108.0,0
87.5,4.1,71.4,2331.0,435.0,22.9,69.0,1
79.6,3.21,56.5,2383.0,1226.0,28.1,26.0,1
53.1,2.99,72.8,1348.0,362.0,26.8,118.0,0
53.6,0.58,90.3,2196.0,652.0,24.3,66.0,0
44.2,2.79,58.2,2035.0,391.0,24.1,21.0,0
35.1,2.04,62.5,2400.0,1393.0,31.0,63.0,1
56.6,1.6,56.2,2557.0,1033.0,79.4,115.0,0
46.0,3.73,25.8,2363.0,1472.0,78.0,51.0,0
57.0,2.59,83.0,1933.0,114.0,74.8,52.0,0
38.8,3.1,30.1,2613.0,851.0,63.0,56.0,1
48.9,1.45,51.6,1620.0,1934.0,70.6,34.0,1
59.8,4.73,50.9,1374.0,107.0,71.7,20.0,0
62.4,2.2,42.4,600.0,837.0,82.3,70.0,0
63.0,3.61,52.2,2061.0,81.0,71.3,107.0,0
42.2,2.32,69.4,1648.0,293.0,71.6,89.0,1
68.3,0.5,44.9,2319.0,925.0,76.3,12.0,0
48.4,3.81,33.8,1016.0,315.0,58.9,49.0,0
65.6,2.69,89.5,1744.0,1038.0,34.9,2.0,0
57.9,0.93,97.7,2359.0,1845.0,25.9,38.0,0
41.5,1.33,56.7,1534.0,401.0,49.3,81.0,0
54.2,4.8,46.2,2325.0,214.0,26.4,36.0,0
62.4,0.97,23.8,1794.0,1651.0,31.9,101.0,0
65.4,2.16,22.9,2082.0,921.0,21.7,58.0,1
56.3,8.0,51.4,2427.0,1765.0,41.0,81.0,1
76.4,3.87,94.4,2624.0,612.0,87.9,106.0,1
70.1,4.43,78.5,2151.0,1255.0,46.5,82.0,0
54.9,2.45,47.9,1652.0,1847.0,36.9,108.0,1
67.0,0.87,97.4,1848.0,343.0,48.2,97.0,0
81.2,3.27,54.3,2450.0,1601.0,41.1,68.0,1
81.5,1.39,42.1,1538.0,1263.0,67.2,36.0,1
43.3,1.3,54.1,2002.0,1626.0,64.4,36.0,1
46.9,3.05,36.9,1888.0,341.0,21.9,105.0,0
75.8,1.46,90.9,2043.0,868.0,55.8,7.0,1
45.3,2.85,48.9,1545.0,258.0,22.5,113.0,0
42.1,1.87,72.6,1081.0,1920.0,67.4,40.0,1
52.2,2.79,51.1,2386.0,125.0,85.5,89.0,0
63.0,2.08,92.1,2630.0,131.0,83.5,40.0,0
56.8,2.83,71.4,1114.0,1796.0,34.4,114.0,0
50.2,6.32,59.1,2303.0,602.0,72.0,5.0,0
49.9,4.49,30.6,2696.0,1194.0,75.5,43.0,0
49.5,2.65,92.2,2428.0,575.0,80.5,104.0,0
47.4,5.76,63.7,1871.0,1298.0,38.2,34.0,0
85.4,3.64,42.8,1581.0,385.0,51.6,34.0,1
61.6,5.54,90.2,2145.0,918.0,35.5,108.0,0
68.6,1.05,24.4,2236.0,1067.0,21.7,100.0,0
52.1,1.47,45.1,2153.0,667.0,66.1,14.0,0
55.8,3.25,62.9,2001.0,503.0,50.2,70.0,0
49.4,2.61,47.2,1505.0,280.0,37.4,28.0,0
28.0,2.84,58.1,2332.0,1412.0,79.3,27.0,1
41.5,3.99,41.1,2359.0,337.0,54.7,74.0,0
36.3,3.27,30.4,2210.0,584.0,89.6,16.0,0
31.0,4.74,22.9,2161.0,674.0,75.5,57.0,1
43.7,4.66,32.6,3024.0,909.0,80.8,31.0,0
73.9,1.52,96.2,1757.0,1405.0,74.1,103.0,1
57.5,0.51,66.0,2805.0,856.0,27.4,67.0,0
73.5,1.46,59.1,1696.0,1742.0,24.6,27.0,1
62.9,1.39,50.7,2710.0,1360.0,84.1,111.0,0
67.4,2.97,76.7,2778.0,1677.0,29.7,99.0,1
47.2,2.95,31.3,1939.0,1433.0,47.4,33.0,0
64.3,2.51,42.1,3014.0,297.0,62.7,115.0,0
66.7,3.73,72.5,2358.0,1956.0,34.8,33.0,1
51.1,9.98,58.3,1618.0,1573.0,35.8,36.0,0
64.7,2.48,81.6,1894.0,1145.0,52.6,47.0,0
64.8,3.33,91.8,2723.0,330.0,45.3,21.0,0
51.4,2.84,85.9,2608.0,345.0,67.4,83.0,0
44.5,1.96,34.7,1518.0,1229.0,25.3,67.0,1
43.8,4.01,27.3,2023.0,832.0,54.2,107.0,0
59.0,2.4,33.6,2212.0,1352.0,32.2,30.0,0
61.9,1.7,82.7,1821.0,745.0,62.5,21.0,0
48.5,1.78,93.1,3397.0,1026.0,28.1,44.0,0
58.3,4.83,94.0,2229.0,376.0,33.8,18.0,0
64.8,3.95,43.9,2066.0,310.0,76.3,114.0,0
65.4,2.1,87.2,2755.0,151.0,36.5,86.0,0
76.6,3.69,62.9,1899.0,1639.0,71.6,96.0,1
73.3,2.86,85.8,2654.0,1111.0,39.1,90.0,1
46.0,3.36,63.9,1183.0,1894.0,36.5,30.0,0
78.2,1.93,31.7,1850.0,1499.0,40.9,18.0,1
51.6,1.42,26.3,2677.0,1538.0,81.7,52.0,0
70.5,2.39,96.6,2964.0,1018.0,47.8,100.0,0
58.8,1.59,54.1,1675.0,1631.0,37.1,40.0,1
53.1,1.51,48.0,1611.0,1884.0,57.6,2.0,0
36.3,1.09,48.5,2412.0,1443.0,47.0,80.0,1
55.9,0.52,50.3,1757.0,211.0,75.3,25.0,0
39.3,2.12,95.6,1952.0,1302.0,89.3,66.0,1
69.6,5.35,25.0,2582.0,241.0,56.9,3.0,1
76.2,4.61,29.5,1801.0,154.0,51.6,62.0,0
48.4,6.85,83.2,1019.0,1386.0,44.0,48.0,0
61.6,1.47,64.0,1384.0,1670.0,88.1,106.0,0
49.3,4.16,30.3,2105.0,318.0,53.8,87.0,1
50.5,2.64,22.8,1075.0,148.0,32.5,5.0,0
67.3,1.78,37.9,1937.0,1773.0,87.8,95.0,1
57.5,5.0,40.9,1334.0,264.0,87.3,95.0,0
78.9,2.66,21.1,3002.0,70.0,50.5,80.0,1
52.2,0.79,37.3,3291.0,1442.0,44.4,112.0,0
70.0,4.58,79.1,1518.0,1695.0,67.6,97.0,1
59.2,3.54,88.4,2241.0,1029.0,78.0,27.0,0
67.5,3.07,91.9,1572.0,1080.0,54.9,46.0,0
52.6,1.28,51.2,1930.0,674.0,43.2,43.0,0
57.4,3.29,45.6,3092.0,477.0,41.1,61.0,0
56.6,6.33,100.0,1843.0,1510.0,42.9,114.0,1
48.0,3.49,81.5,1943.0,1699.0,28.3,74.0,0
65.9,0.98,63.0,1582.0,642.0,74.5,38.0,1
65.8,3.64,40.4,2730.0,548.0,27.3,113.0,0
65.1,3.51,45.7,600.0,536.0,47.9,84.0,0
76.4,4.36,61.2,1856.0,101.0,78.4,33.0,1
75.4,3.45,63.4,2075.0,562.0,48.3,109.0,1
53.5,1.52,21.1,1736.0,51.0,40.6,42.0,0
62.5,2.97,96.8,2575.0,1577.0,86.4,62.0,0
50.5,2.42,66.0,2761.0,512.0,28.9,58.0,0
58.3,3.19,67.1,1323.0,1380.0,81.9,111.0,0
50.8,5.11,36.9,3251.0,1086.0,24.3,33.0,0
77.4,1.86,81.2,1317.0,1675.0,48.9,41.0,1
62.4,7.44,79.0,2809.0,1921.0,64.2,80.0,1
55.4,3.63,27.6,2182.0,735.0,45.9,107.0,0
72.3,4.6,67.6,1823.0,177.0,57.4,15.0,1
32.0,4.25,72.7,1875.0,1499.0,34.3,26.0,1
33.8,3.54,86.8,2082.0,43.0,59.8,114.0,1
67.6,3.93,36.5,2215.0,446.0,29.4,93.0,0
58.7,0.3,90.2,1594.0,107.0,75.7,42.0,0
61.0,4.24,56.9,1971.0,1796.0,60.9,44.0,0
42.1,1.6,27.7,1676.0,11.0,53.7,57.0,1
57.7,2.75,28.4,1432.0,985.0,23.8,81.0,0
82.0,3.53,35.8,1650.0,848.0,55.0,68.0,1
67.9,5.24,42.6,1468.0,1305.0,59.4,93.0,0
60.0,1.6,59.7,1869.0,579.0,38.6,7.0,0
52.7,2.16,79.9,2338.0,1747.0,67.4,98.0,0
53.3,2.34,34.9,2166.0,1469.0,25.4,8.0,0
32.4,3.21,99.4,3186.0,865.0,34.6,106.0,1
61.1,2.43,32.9,884.0,716.0,71.6,6.0,0
68.1,3.94,68.0,2358.0,1632.0,30.3,16.0,0
39.1,0.81,94.3,2104.0,1514.0,37.2,22.0,1
50.1,2.62,86.6,2549.0,798.0,65.6,28.0,0
44.1,6.68,71.8,2494.0,683.0,71.0,49.0,0
46.4,2.44,77.2,2009.0,78.0,23.6,79.0,0
58.6,3.64,30.7,2195.0,163.0,28.9,107.0,0
33.0,4.79,20.8,1691.0,108.0,51.2,63.0,1
65.4,3.57,54.7,2438.0,49.0,61.5,64.0,0
67.0,7.81,27.2,1067.0,306.0,51.8,39.0,0
55.0,3.01,48.6,2527.0,1714.0,65.3,96.0,0
28.2,4.05,37.9,2087.0,1596.0,72.9,14.0,1
46.0,3.29,93.3,1832.0,1691.0,86.5,37.0,0
72.8,5.93,90.4,1972.0,1248.0,44.5,13.0,1
28.0,2.22,85.5,2012.0,1248.0,31.4,26.0,1
53.8,8.16,77.1,2814.0,248.0,38.5,71.0,0
43.8,1.89,32.3,3600.0,1398.0,30.4,16.0,0
67.7,7.04,23.9,2771.0,560.0,47.6,13.0,0
49.9,1.48,72.3,1789.0,1039.0,81.1,99.0,1
62.8,4.13,71.4,2446.0,1909.0,44.3,15.0,0
64.8,2.86,49.6,2470.0,1741.0,30.4,73.0,1
80.0,4.73,57.8,1591.0,466.0,56.6,43.0,1
55.6,3.69,59.1,1407.0,1473.0,89.4,108.0,0
62.5,4.59,39.2,2065.0,208.0,33.2,85.0,0
40.2,1.44,45.1,2544.0,53.0,74.5,8.0,0
72.3,0.92,53.5,1214.0,56.0,77.6,108.0,0
48.9,1.29,68.3,1704.0,340.0,48.1,50.0,0
51.3,1.26,96.5,2415.0,1390.0,63.4,36.0,0
57.7,1.43,63.1,2123.0,727.0,50.3,81.0,0
39.2,1.97,78.5,2879.0,32.0,38.4,86.0,0
60.7,1.96,84.6,1324.0,1976.0,49.8,37.0,0
69.6,2.9,29.1,3394.0,1067.0,26.7,43.0,1
61.5,1.67,72.2,1254.0,788.0,69.5,20.0,0
38.9,1.76,58.6,984.0,1038.0,78.0,72.0,1
56.5,2.53,65.8,2068.0,1040.0,41.5,115.0,0
66.9,5.1,23.1,1476.0,940.0,59.7,51.0,1
35.5,2.2,92.5,2079.0,1226.0,36.3,120.0,1
45.1,2.79,96.2,2059.0,1771.0,28.9,22.0,0
68.5,3.06,20.3,1992.0,603.0,66.5,96.0,0
61.2,1.54,37.0,1637.0,974.0,29.4,111.0,0
62.9,2.34,34.4,2338.0,7.0,74.7,83.0,0
80.3,1.85,82.5,1925.0,1720.0,39.0,14.0,1
63.6,4.83,67.8,2707.0,612.0,77.3,40.0,0
65.9,4.61,34.2,2001.0,543.0,45.8,11.0,0
90.5,1.73,85.1,1569.0,1995.0,45.8,73.0,1
55.4,2.75,48.3,1172.0,1169.0,72.5,120.0,0
48.4,4.05,56.9,2005.0,246.0,55.7,46.0,0
63.1,3.46,51.0,1402.0,531.0,34.1,20.0,0
63.3,3.67,61.7,1358.0,706.0,79.5,33.0,0
51.7,1.55,58.4,2390.0,1972.0,43.8,69.0,0
45.6,6.89,42.0,1122.0,861.0,27.2,69.0,1
85.7,1.95,54.0,2877.0,460.0,49.1,28.0,1
61.9,1.91,92.7,2188.0,1139.0,60.2,90.0,0
49.2,1.18,60.2,2076.0,810.0,62.7,11.0,0
69.0,2.6,93.3,1531.0,110.0,78.5,75.0,0
56.7,5.41,64.0,2520.0,1722.0,57.9,52.0,0
55.0,3.44,81.5,2098.0,31.0,35.7,16.0,0
64.7,2.72,43.5,1723.0,1797.0,38.3,76.0,0
42.5,4.42,83.2,2210.0,1584.0,27.1,81.0,1
62.2,5.33,41.1,1174.0,152.0,71.5,53.0,0
81.0,4.6,21.6,1201.0,1447.0,27.4,96.0,1
63.6,0.73,32.9,1484.0,1542.0,62.4,62.0,0
53.5,4.44,21.7,2292.0,1205.0,61.8,35.0,0
51.9,3.76,95.8,2098.0,1155.0,75.0,114.0,0
53.1,1.71,100.0,2677.0,99.0,25.2,113.0,0
55.0,3.77,81.0,1594.0,119.0,34.2,12.0,0
53.5,5.41,28.7,2416.0,1455.0,83.7,114.0,0
69.0,2.01,91.9,2037.0,211.0,60.1,93.0,1
37.2,4.79,79.5,1581.0,484.0,52.0,14.0,0
68.3,3.48,46.6,2312.0,998.0,72.3,63.0,0
53.4,0.3,60.2,2064.0,328.0,83.2,5.0,0
62.5,2.84,72.9,1754.0,1580.0,38.4,71.0,0
44.5,3.4,21.9,2123.0,1615.0,83.1,112.0,0
73.9,2.39,60.1,2029.0,1684.0,27.6,45.0,0
72.9,3.56,78.6,2015.0,99.0,88.4,62.0,1
69.5,2.66,35.1,1873.0,856.0,31.5,28.0,0
39.8,9.08,55.5,1382.0,1694.0,38.6,65.0,1
67.9,2.29,62.6,2141.0,726.0,26.8,97.0,0
62.9,1.74,78.8,1659.0,1392.0,76.3,27.0,0
38.7,4.65,97.2,1539.0,1178.0,88.9,67.0,1
57.7,2.47,87.9,1968.0,694.0,40.8,43.0,0
62.4,2.75,69.7,2504.0,553.0,42.8,90.0,0
64.7,2.61,66.7,2202.0,1305.0,39.5,85.0,1
60.1,4.51,68.3,1808.0,267.0,30.8,84.0,0
61.5,1.42,63.6,1786.0,1720.0,75.1,46.0,0
75.7,4.78,24.7,2450.0,1153.0,24.3,72.0,1
72.7,3.94,75.9,782.0,223.0,87.7,78.0,1
28.0,7.45,77.3,2539.0,1407.0,84.9,82.0,1
54.2,3.25,61.0,1069.0,862.0,28.3,69.0,1
56.0,1.49,89.6,1322.0,408.0,57.1,104.0,0
37.0,3.27,73.8,1817.0,1922.0,89.5,31.0,1
59.1,3.51,49.0,3294.0,1439.0,79.7,8.0,1
73.0,5.68,21.6,3023.0,1186.0,70.1,116.0,1
45.0,1.49,24.7,2489.0,1698.0,21.6,8.0,1
62.0,0.98,48.1,2296.0,1088.0,24.8,108.0,0
47.0,3.31,57.0,1076.0,883.0,75.6,74.0,0
49.9,7.63,33.3,2186.0,379.0,46.4,110.0,0
75.7,4.27,35.1,1798.0,307.0,66.8,68.0,1
51.5,4.41,38.4,1651.0,864.0,71.7,99.0,0
63.5,1.16,82.4,2185.0,912.0,49.6,87.0,0
35.5,2.99,81.7,1841.0,1467.0,30.0,63.0,1
80.3,5.74,50.6,2578.0,884.0,47.1,44.0,1
65.2,3.53,33.8,1035.0,1186.0,81.0,1.0,0
55.8,0.93,28.9,2141.0,1665.0,43.2,31.0,0
64.9,2.95,27.0,1616.0,1987.0,24.4,114.0,1
41.1,4.1,51.3,1875.0,645.0,87.1,34.0,0
72.2,0.3,23.6,2268.0,1804.0,67.6,90.0,1
54.1,2.76,46.7,1485.0,1612.0,57.9,62.0,0
55.6,1.62,96.9,2190.0,136.0,78.0,38.0,0
52.1,4.73,60.6,1983.0,668.0,48.8,119.0,0
51.0,2.23,85.8,1737.0,438.0,89.0,7.0,1
66.3,3.73,30.3,1841.0,1329.0,80.0,70.0,0
61.1,2.91,41.4,2015.0,1111.0,39.6,56.0,0
65.8,2.18,95.7,1678.0,990.0,46.0,10.0,0
57.9,8.11,50.7,2104.0,1527.0,39.3,26.0,0
64.2,2.03,71.9,1947.0,667.0,66.2,84.0,0
53.0,3.06,98.1,1764.0,766.0,64.8,14.0,0
84.8,2.9,64.1,2974.0,1731.0,56.6,96.0,1
39.2,3.26,44.4,2328.0,1944.0,87.6,75.0,0
73.1,7.78,62.6,1890.0,1553.0,53.1,13.0,1
74.4,4.1,24.4,2180.0,434.0,74.9,35.0,1
47.8,2.17,29.0,1535.0,225.0,66.1,17.0,0
84.8,6.44,20.6,1860.0,418.0,56.3,96.0,1
69.9,4.52,90.7,1924.0,846.0,22.9,64.0,0
69.7,2.19,73.7,1414.0,473.0,66.0,1.0,0
58.3,5.9,43.9,2313.0,1802.0,65.0,66.0,1
55.4,1.15,37.7,1822.0,1341.0,28.7,58.0,0
55.5,1.38,74.6,1904.0,833.0,75.7,78.0,0
62.7,0.88,93.6,1787.0,548.0,52.7,5.0,0
74.8,0.6,43.9,3600.0,761.0,42.7,5.0,1
60.2,5.66,45.7,1736.0,952.0,77.7,43.0,0
47.1,3.28,88.3,962.0,1428.0,44.0,83.0,1
67.9,0.95,91.5,1220.0,179.0,63.5,80.0,0
69.1,2.86,93.1,2518.0,1698.0,63.3,34.0,0
65.9,4.87,43.5,2835.0,255.0,23.7,27.0,0
66.9,1.8,29.6,1725.0,525.0,49.6,82.0,0
54.7,2.39,55.2,2803.0,1987.0,35.6,4.0,0
46.9,8.33,43.7,2508.0,380.0,34.0,67.0,0
47.6,2.53,90.7,1996.0,202.0,65.8,51.0,0
38.4,1.01,22.9,1957.0,1277.0,20.8,29.0,0
60.8,2.08,70.7,2199.0,786.0,87.8,63.0,0
57.0,0.9,92.5,2583.0,184.0,47.7,27.0,0
52.7,4.3,98.1,2319.0,7.0,40.9,68.0,0
28.0,1.63,72.0,1728.0,158.0,84.4,19.0,1
43.0,1.6,96.0,2004.0,1045.0,54.1,49.0,0
71.5,8.75,26.1,3190.0,462.0,63.0,62.0,0
50.0,1.28,48.7,2238.0,1555.0,68.7,5.0,0
62.3,1.11,20.7,2578.0,1715.0,81.0,74.0,0
41.3,1.43,98.5,2397.0,290.0,29.1,90.0,0
75.3,4.96,92.2,2250.0,674.0,25.7,115.0,1
56.3,3.98,22.2,2160.0,293.0,89.6,25.0,0
61.5,2.06,21.5,2594.0,573.0,20.6,26.0,0
85.9,1.94,49.4,2495.0,478.0,69.6,37.0,1
76.2,3.8,40.7,2245.0,1574.0,62.8,107.0,1
54.3,3.36,87.8,1718.0,691.0,58.7,49.0,0
50.9,2.64,32.8,2312.0,991.0,75.0,37.0,0
54.1,4.06,83.3,2063.0,1348.0,89.5,89.0,0
64.1,1.37,64.4,1930.0,1645.0,23.3,6.0,0
56.7,1.65,50.2,3573.0,602.0,63.0,66.0,0
53.3,4.18,31.7,1254.0,418.0,70.2,55.0,0
75.6,3.52,99.8,2627.0,1957.0,41.4,75.0,1
56.6,0.56,69.4,1626.0,640.0,82.5,88.0,0
85.6,2.98,55.2,2172.0,1342.0,52.0,40.0,1
59.1,8.58,49.7,3513.0,1356.0,31.5,77.0,0
79.4,4.58,92.5,1571.0,1028.0,79.8,63.0,1
62.3,2.1,85.7,1702.0,457.0,86.0,17.0,0
69.6,1.75,84.9,2090.0,283.0,27.0,106.0,0
49.3,3.62,69.3,1634.0,974.0,72.6,91.0,0
47.8,5.65,91.0,2586.0,1022.0,35.1,111.0,0
63.5,0.79,43.9,1806.0,1547.0,20.5,87.0,1
69.9,3.47,76.3,2460.0,1420.0,38.2,30.0,1
58.5,2.37,52.4,1369.0,1824.0,79.8,52.0,0
42.6,3.28,68.0,1106.0,1942.0,29.9,47.0,0
41.7,1.05,99.9,1974.0,1456.0,29.1,5.0,0
40.9,5.65,98.8,1237.0,153.0,71.7,50.0,0
36.8,6.52,61.0,2935.0,810.0,48.4,42.0,1
59.3,4.34,65.9,1259.0,1218.0,30.4,1.0,0
71.5,7.27,91.8,1529.0,1180.0,36.1,102.0,1
57.8,2.29,98.9,2327.0,363.0,75.6,18.0,0
30.9,3.42,82.3,1777.0,1166.0,63.6,61.0,1
55.7,4.38,25.2,1265.0,699.0,73.3,94.0,0
56.0,3.65,45.8,3222.0,678.0,26.8,73.0,0
83.2,2.48,91.7,1549.0,1668.0,52.1,21.0,1
40.5,2.65,81.5,1992.0,844.0,75.8,75.0,1
53.3,6.19,79.4,1985.0,1055.0,38.6,91.0,0
78.5,2.89,73.4,2491.0,1126.0,31.8,103.0,1
63.4,5.47,53.2,2354.0,1126.0,46.7,39.0,0
64.8,2.8,52.3,1645.0,426.0,43.3,5.0,0
59.4,5.45,84.7,1921.0,1199.0,33.0,73.0,0
62.0,3.08,43.5,1975.0,669.0,86.8,28.0,0
67.3,4.17,74.8,2512.0,1310.0,53.8,94.0,1
48.3,1.9,78.1,1457.0,291.0,62.6,82.0,0
68.5,3.41,87.6,3210.0,1988.0,28.5,93.0,1
41.5,1.91,45.6,1682.0,1544.0,62.7,116.0,1
61.9,2.26,79.4,2095.0,835.0,58.9,71.0,0
60.1,2.38,28.5,1462.0,603.0,85.2,109.0,0
50.6,2.62,31.0,1386.0,776.0,48.9,77.0,0
57.7,5.09,53.4,1619.0,1442.0,74.7,23.0,0
50.5,2.2,24.4,1566.0,1311.0,41.3,96.0,0
45.1,3.21,95.8,1872.0,1404.0,60.5,84.0,1
53.8,5.46,92.2,1562.0,1778.0,84.9,117.0,1
44.8,4.12,23.9,2483.0,913.0,63.8,30.0,0
61.9,0.81,87.1,1669.0,1339.0,69.8,41.0,0
44.2,1.03,60.7,1608.0,883.0,81.3,99.0,0
66.5,3.69,76.2,1884.0,1276.0,84.8,8.0,0
43.8,2.13,91.0,2646.0,950.0,34.6,76.0,0
51.2,0.93,66.2,2218.0,1553.0,33.7,65.0,0
50.5,2.03,29.3,2045.0,11.0,58.5,21.0,0
73.9,3.77,20.2,1312.0,431.0,89.7,21.0,1
62.0,2.36,59.8,1472.0,593.0,54.3,97.0,0
55.5,3.02,95.9,1397.0,1891.0,43.2,3.0,0
64.0,2.49,65.8,2819.0,1014.0,57.6,90.0,0
32.7,1.85,49.8,2392.0,729.0,24.5,88.0,1
57.5,3.38,22.5,1626.0,809.0,32.4,78.0,0
82.0,0.85,93.2,1790.0,904.0,30.4,50.0,1
59.6,1.7,46.2,1646.0,1736.0,22.0,4.0,0
58.8,4.57,76.4,1613.0,1925.0,70.6,96.0,0
64.6,1.06,75.5,2353.0,1688.0,42.8,16.0,0
68.7,2.93,40.3,1942.0,1683.0,31.8,34.0,0
34.0,2.24,25.1,3245.0,398.0,55.9,114.0,1
37.8,2.11,50.8,2788.0,537.0,42.6,37.0,1
60.5,4.82,45.4,2820.0,1192.0,47.5,31.0,0
49.4,5.37,76.0,2469.0,1312.0,42.1,117.0,1
73.7,1.43,85.6,1868.0,405.0,20.3,11.0,1
54.2,2.64,37.8,2429.0,1493.0,68.2,20.0,1
34.8,0.68,62.3,1908.0,400.0,27.7,53.0,0
42.8,4.67,23.2,2997.0,526.0,35.3,95.0,0
28.0,2.84,37.1,2322.0,614.0,33.3,106.0,1
55.2,1.0,80.9,2244.0,1692.0,43.2,91.0,0
55.7,1.75,83.5,2170.0,1464.0,31.2,117.0,0
52.9,1.34,82.1,3057.0,1061.0,44.3,3.0,0
70.9,1.69,31.4,1311.0,1639.0,37.0,75.0,1
72.4,0.74,64.1,3111.0,1626.0,24.3,15.0,0
56.0,6.15,53.8,1998.0,780.0,80.9,109.0,0
32.4,1.47,99.3,1327.0,1563.0,41.4,112.0,1
65.4,2.93,72.3,1686.0,412.0,26.7,37.0,0
64.7,3.75,94.8,1192.0,1006.0,56.5,99.0,1
61.7,5.37,31.6,2460.0,236.0,28.6,76.0,0
69.8,2.99,56.1,1529.0,854.0,74.1,13.0,0
44.0,2.47,81.7,2193.0,1041.0,24.3,73.0,0
82.1,3.07,49.4,2724.0,160.0,52.5,117.0,1
46.5,1.42,70.6,1730.0,925.0,86.1,38.0,0
67.0,1.51,60.9,1953.0,1303.0,31.1,1.0,0
37.8,2.43,99.4,1383.0,1228.0,34.1,117.0,1
46.8,0.54,33.9,1886.0,109.0,62.0,50.0,0
76.2,1.88,94.8,3516.0,191.0,88.6,52.0,0
54.9,2.16,52.1,2528.0,703.0,47.0,86.0,0
68.1,7.89,57.4,1954.0,1685.0,65.4,73.0,1
60.8,5.77,62.3,1764.0,1740.0,30.7,37.0,0
56.7,3.74,41.2,2077.0,619.0,64.9,13.0,0
74.4,4.74,97.1,2172.0,1438.0,37.7,99.0,1
55.2,1.5,92.9,1870.0,1155.0,62.9,59.0,0
36.6,3.12,97.8,2392.0,1967.0,26.2,81.0,1
48.4,4.4,99.8,1576.0,189.0,56.7,103.0,0
64.6,1.51,73.6,1573.0,1096.0,36.6,3.0,1
62.7,1.04,56.1,2304.0,1185.0,67.7,103.0,0
39.2,3.52,88.1,1457.0,615.0,72.3,90.0,1
49.3,1.12,21.9,2501.0,94.0,79.4,114.0,0
51.0,3.95,86.8,2092.0,104.0,89.5,29.0,0
53.6,5.32,59.8,1095.0,907.0,52.2,39.0,0
41.5,1.54,73.9,2160.0,1385.0,66.9,80.0,0
50.5,1.62,49.9,1173.0,1400.0,21.3,111.0,0
49.3,5.23,49.5,2481.0,362.0,83.4,119.0,0
67.3,3.0,22.5,1963.0,1716.0,63.1,51.0,0
67.7,4.84,53.9,3118.0,754.0,49.5,65.0,1
56.3,2.49,52.7,2689.0,1929.0,50.4,21.0,0
53.3,2.61,38.0,1517.0,236.0,73.1,84.0,0
59.7,2.95,39.8,989.0,1673.0,78.3,101.0,0
48.2,7.0,66.7,1685.0,1817.0,76.6,96.0,0
44.2,4.63,45.4,1428.0,1645.0,55.7,42.0,1
46.7,1.84,86.4,3104.0,1618.0,46.0,116.0,0
50.4,3.25,28.9,2094.0,723.0,86.2,15.0,0
44.0,2.38,66.2,2613.0,1427.0,64.4,60.0,0
59.9,2.11,32.8,1943.0,1159.0,58.1,67.0,0
66.8,3.88,62.3,2001.0,849.0,61.9,65.0,0
39.0,3.43,64.2,2082.0,1986.0,64.1,91.0,1
58.3,1.55,71.4,2709.0,581.0,69.9,74.0,0
55.4,2.96,54.2,2271.0,826.0,58.7,10.0,0
62.1,2.07,60.8,1518.0,1806.0,81.3,22.0,0
57.8,3.74,34.5,2992.0,578.0,80.2,64.0,0
40.6,2.01,57.0,1939.0,305.0,51.0,84.0,0
42.9,2.62,49.8,1849.0,620.0,31.8,62.0,0
58.4,2.15,73.3,600.0,1519.0,60.4,43.0,0
70.3,0.83,54.8,2449.0,1720.0,63.5,7.0,0
31.4,6.8,82.3,2156.0,229.0,56.6,95.0,1
62.1,2.94,54.1,2155.0,1243.0,82.3,60.0,0
72.3,6.93,38.9,1878.0,1135.0,26.5,65.0,1
56.2,3.02,41.9,1784.0,1338.0,40.1,57.0,0
64.6,4.29,23.6,1897.0,1342.0,80.6,33.0,0
49.6,1.92,63.2,2355.0,1919.0,85.8,34.0,0
56.6,1.95,86.5,2452.0,693.0,49.8,9.0,0
38.5,2.84,81.5,1973.0,600.0,33.5,85.0,1
29.9,6.9,55.0,2622.0,1162.0,49.4,33.0,1
69.3,1.59,35.7,2057.0,859.0,51.9,37.0,0
46.2,0.68,89.1,1823.0,948.0,56.4,119.0,0
52.5,5.16,24.5,2209.0,139.0,39.2,47.0,0
41.4,4.44,51.9,1352.0,296.0,41.9,62.0,0
41.1,2.22,88.5,2228.0,1871.0,65.9,47.0,1
55.9,8.41,51.5,1252.0,137.0,63.5,36.0,0
49.2,8.61,29.4,1535.0,1180.0,66.3,2.0,0
62.5,0.79,41.3,990.0,1509.0,46.4,103.0,0
63.4,1.89,68.0,2004.0,24.0,43.6,57.0,0
61.9,2.83,32.2,2985.0,445.0,44.6,87.0,0
60.9,3.68,72.4,2036.0,754.0,86.6,115.0,0
76.9,3.36,55.1,2454.0,1014.0,47.7,1.0,1
45.2,2.93,46.8,3394.0,683.0,62.4,81.0,0
57.3,1.43,39.3,2322.0,1298.0,56.6,15.0,0
71.6,3.95,85.9,1679.0,453.0,81.3,55.0,0
73.2,4.08,51.7,1755.0,51.0,45.8,102.0,1
40.9,4.96,79.1,2100.0,3.0,50.4,10.0,0
54.3,1.29,55.2,1752.0,691.0,79.0,119.0,0
74.3,2.56,27.3,1793.0,723.0,31.3,70.0,1
64.1,2.16,55.2,2642.0,1897.0,61.6,48.0,0
60.3,1.27,60.6,2664.0,90.0,48.0,3.0,0
55.4,2.53,56.6,1194.0,1060.0,89.0,71.0,0
53.4,1.48,85.3,1650.0,1156.0,70.5,60.0,0
61.5,1.13,92.9,1845.0,1399.0,20.7,27.0,0
55.0,4.47,82.9,2429.0,1277.0,78.8,59.0,0
57.5,2.22,66.6,2729.0,16.0,69.2,3.0,0
58.9,1.83,63.3,3586.0,1264.0,59.3,120.0,0
49.9,5.65,71.6,1844.0,645.0,36.5,41.0,0
64.4,4.15,43.0,1871.0,1546.0,30.5,58.0,0
93.0,0.62,84.9,2424.0,377.0,64.0,94.0,1
36.7,3.7,88.5,1725.0,1432.0,50.8,86.0,1
61.9,3.69,41.4,2022.0,1251.0,80.3,107.0,1
48.9,2.47,92.2,1872.0,1305.0,38.4,113.0,1
64.9,2.41,87.9,658.0,352.0,64.6,24.0,0
58.6,0.91,54.0,2168.0,1338.0,37.4,47.0,0
67.1,8.35,92.7,2000.0,1474.0,64.5,83.0,1
72.1,2.53,29.6,2799.0,979.0,23.4,6.0,0
60.3,3.58,22.2,2103.0,681.0,47.4,86.0,0
71.6,2.61,47.8,1410.0,333.0,32.1,2.0,1
29.9,1.85,65.2,1958.0,580.0,62.4,110.0,1
77.1,4.67,48.1,950.0,1528.0,42.2,86.0,1
62.5,3.19,95.4,1434.0,819.0,74.0,68.0,0
70.9,2.54,40.4,2450.0,1405.0,28.0,52.0,1
43.4,3.56,42.5,1964.0,1480.0,58.9,119.0,0
48.0,2.76,70.8,2607.0,1348.0,61.6,89.0,1
59.8,7.2,20.3,1018.0,1347.0,21.5,97.0,0
57.8,4.58,78.2,1967.0,1222.0,22.5,99.0,1
61.4,3.9,50.2,1838.0,1037.0,41.6,4.0,0
71.0,0.99,98.2,2626.0,396.0,62.6,8.0,0
36.8,3.98,75.3,2470.0,1686.0,87.4,25.0,1
69.7,3.92,24.2,2453.0,1929.0,26.4,79.0,0
58.1,1.5,27.4,2948.0,933.0,69.2,75.0,0
55.6,0.97,27.1,1898.0,1866.0,68.5,40.0,0
40.3,4.48,96.2,2834.0,1996.0,66.9,117.0,1
64.0,4.8,74.7,1526.0,972.0,56.1,12.0,0
29.0,1.96,54.2,1506.0,1449.0,87.7,93.0,1
65.8,1.9,36.0,2514.0,1288.0,55.1,58.0,0
40.1,3.16,89.9,1272.0,475.0,78.7,51.0,1
58.6,2.21,36.1,2415.0,94.0,38.4,4.0,0
56.6,0.96,76.5,2156.0,907.0,76.4,88.0,0
72.0,1.48,81.1,2690.0,1574.0,89.8,93.0,1
55.9,3.5,43.6,2067.0,650.0,83.7,39.0,0
49.7,1.54,60.4,2131.0,1569.0,41.3,63.0,0
51.9,4.93,37.8,2380.0,1310.0,79.2,73.0,0
73.3,3.88,50.3,1736.0,1391.0,26.7,45.0,1
64.4,3.59,97.2,1712.0,571.0,67.4,74.0,0
53.4,3.12,75.5,2361.0,940.0,44.0,53.0,0
55.2,1.79,87.7,2084.0,363.0,66.1,105.0,0
39.2,4.19,63.2,1876.0,493.0,48.9,87.0,1
62.7,1.76,39.1,2054.0,180.0,20.6,14.0,0
36.9,5.09,77.0,2977.0,254.0,36.2,96.0,1
67.0,6.57,60.0,1856.0,421.0,23.0,41.0,0
59.5,3.18,34.1,1840.0,1160.0,49.9,112.0,0
86.6,6.09,53.0,1161.0,882.0,78.8,73.0,1
44.8,1.5,70.8,2077.0,534.0,71.7,4.0,0
56.8,3.91,78.8,2461.0,1722.0,75.2,88.0,0
79.6,2.89,39.5,2560.0,1050.0,76.5,17.0,1
72.3,4.52,90.1,2160.0,1846.0,46.0,105.0,1
49.6,0.65,50.4,2626.0,1270.0,55.4,114.0,0
60.7,4.37,41.7,2502.0,32.0,55.6,84.0,0
58.0,1.91,35.6,2712.0,1827.0,27.9,64.0,1
61.4,2.97,84.3,2641.0,1715.0,61.9,73.0,0
49.6,8.27,48.3,2963.0,1271.0,70.4,52.0,0
56.9,3.98,58.7,2007.0,1070.0,62.8,11.0,0
38.8,3.69,37.8,1370.0,906.0,72.2,112.0,1
59.6,3.51,74.9,2465.0,964.0,28.3,40.0,0
63.4,5.39,82.5,2529.0,1538.0,73.3,38.0,0
55.3,4.61,47.2,2963.0,1026.0,34.6,24.0,0
38.6,3.54,95.6,2805.0,352.0,81.4,119.0,1
69.9,3.28,22.4,3170.0,116.0,37.1,113.0,0
62.4,3.16,30.6,2441.0,252.0,54.4,43.0,0
49.3,2.79,67.1,2226.0,503.0,54.1,32.0,0
54.6,1.28,76.1,1338.0,735.0,38.8,97.0,0
40.0,3.94,40.1,2269.0,1785.0,45.3,51.0,1
45.7,2.03,64.3,1796.0,478.0,33.0,116.0,0
51.5,2.59,45.5,2216.0,639.0,59.9,108.0,0
72.7,4.79,64.3,2130.0,446.0,83.9,91.0,0
50.3,2.83,72.7,2359.0,1091.0,42.2,12.0,0
65.7,2.7,97.8,2046.0,1234.0,55.6,85.0,1
51.5,3.19,56.5,2614.0,1064.0,80.3,118.0,0
61.0,2.39,71.9,602.0,1904.0,51.7,45.0,0
56.3,8.17,66.2,2204.0,1991.0,78.2,106.0,0
68.5,7.55,45.4,2761.0,1675.0,51.2,50.0,1
51.6,7.44,40.2,3129.0,1611.0,50.8,117.0,0
39.1,3.52,99.0,2503.0,732.0,31.0,79.0,0
41.4,1.95,36.5,3027.0,1160.0,28.7,12.0,0
51.6,4.86,83.2,2193.0,703.0,62.8,58.0,0
43.0,2.4,31.7,2102.0,1569.0,77.9,7.0,1
62.9,5.1,84.3,2391.0,344.0,29.5,48.0,0
52.4,1.89,34.9,2098.0,433.0,83.7,110.0,0
86.5,3.67,97.4,1670.0,77.0,45.1,29.0,1
37.1,5.51,74.9,1817.0,1218.0,49.8,114.0,1
60.4,2.48,27.2,1488.0,1377.0,82.6,13.0,0
44.5,2.48,75.5,2391.0,7.0,82.7,80.0,0
52.1,1.05,68.3,2106.0,1022.0,56.7,116.0,0
59.7,1.93,47.0,1902.0,754.0,39.4,79.0,0
30.1,3.48,40.9,1788.0,1585.0,32.0,108.0,1
60.8,3.79,77.5,2378.0,78.0,39.0,119.0,0
80.8,4.11,79.3,2529.0,97.0,74.6,77.0,1
52.6,0.77,46.2,1478.0,1240.0,42.7,94.0,0
61.1,2.41,90.1,1392.0,1183.0,68.6,5.0,0
70.3,1.14,41.5,2625.0,1662.0,33.7,52.0,1
56.0,3.38,25.6,1344.0,1185.0,53.5,35.0,0
51.0,0.91,68.0,2401.0,1899.0,44.6,99.0,1
30.7,1.38,28.6,2989.0,629.0,55.3,82.0,1
65.7,4.56,42.1,2991.0,796.0,59.9,74.0,0
56.6,2.07,60.6,2506.0,1955.0,89.4,112.0,0
45.8,6.12,42.9,2490.0,215.0,83.0,12.0,0
59.5,4.18,37.2,3339.0,1592.0,68.7,115.0,0
51.0,2.49,76.3,816.0,23.0,30.8,13.0,0
51.7,4.97,63.8,1845.0,973.0,84.3,42.0,0
65.3,2.62,87.2,2567.0,307.0,82.5,76.0,0
41.9,4.42,66.5,1914.0,1198.0,82.1,42.0,0
70.6,1.87,58.7,2782.0,1596.0,53.5,82.0,1
41.2,5.14,40.9,2078.0,66.0,31.9,93.0,1
50.0,0.97,83.4,2172.0,328.0,72.8,100.0,0
81.1,1.38,35.7,1949.0,685.0,47.2,22.0,1
71.5,1.55,39.4,1813.0,512.0,44.1,23.0,1
59.2,2.0,87.3,1799.0,766.0,47.4,7.0,0
46.7,3.55,79.3,2249.0,1904.0,59.1,59.0,0
51.6,2.92,69.0,1674.0,202.0,43.3,17.0,0
58.9,4.44,23.1,2624.0,847.0,68.3,39.0,0
58.5,5.55,30.2,2459.0,914.0,65.3,101.0,0
56.9,0.89,60.0,2705.0,561.0,55.6,114.0,0
57.6,5.93,79.7,1479.0,557.0,23.8,99.0,0
55.4,2.59,57.1,1165.0,1430.0,85.6,1.0,1
40.7,7.36,21.4,2098.0,1236.0,48.8,69.0,1
51.8,1.81,34.7,3600.0,1626.0,51.5,21.0,0
69.0,0.7,67.1,2796.0,810.0,51.9,46.0,0
41.6,4.2,75.5,1795.0,1213.0,45.6,52.0,0
55.7,4.05,22.7,2333.0,1787.0,67.2,113.0,0
48.2,1.41,23.5,2500.0,1703.0,21.0,76.0,0
59.3,1.51,40.9,1347.0,1840.0,81.1,33.0,0
53.3,4.63,26.7,2853.0,538.0,27.2,77.0,0
75.7,3.65,63.4,2008.0,1971.0,90.0,114.0,1
64.1,2.43,29.9,2050.0,1633.0,64.0,8.0,0
42.3,3.87,71.9,2113.0,1590.0,24.6,98.0,1
66.1,3.44,82.2,2729.0,1335.0,59.4,27.0,0
48.7,1.62,97.6,1685.0,1967.0,43.2,19.0,0
51.1,4.83,95.9,1161.0,883.0,86.7,108.0,0
61.8,4.31,41.9,2278.0,1483.0,72.9,1.0,0
52.1,2.96,22.4,976.0,1398.0,55.5,89.0,0
68.7,4.64,46.4,1934.0,1464.0,50.1,11.0,0
48.7,7.87,76.7,2753.0,1503.0,89.7,75.0,0
50.6,1.49,24.8,2419.0,382.0,66.7,75.0,0
50.1,2.5,48.8,2673.0,698.0,56.0,104.0,0
51.2,2.58,43.8,2441.0,785.0,47.9,99.0,0
71.2,4.58,37.5,3426.0,1496.0,42.7,83.0,0
65.5,1.98,76.5,1776.0,1432.0,69.4,46.0,0
78.5,4.43,72.7,2319.0,1667.0,61.2,21.0,1
85.2,2.13,62.8,1859.0,1577.0,79.4,77.0,1
45.6,1.38,92.9,2626.0,1192.0,58.7,60.0,0
58.8,3.07,28.3,2066.0,280.0,60.8,10.0,0
43.9,2.1,32.0,3045.0,1271.0,53.4,115.0,0
48.7,3.25,50.7,1808.0,1774.0,73.4,38.0,0
50.4,3.72,72.5,2874.0,1286.0,49.0,1.0,0
45.3,0.94,66.7,2426.0,1791.0,79.6,108.0,1
45.4,2.26,25.9,2082.0,1998.0,42.9,70.0,0
56.3,3.07,96.7,2398.0,718.0,68.5,88.0,0
43.4,4.65,44.4,2244.0,1447.0,82.5,19.0,0
68.1,4.33,48.7,2296.0,1080.0,73.8,49.0,0
47.0,1.71,69.9,1986.0,910.0,44.0,78.0,0
91.7,2.65,95.6,1714.0,480.0,69.4,31.0,1
52.6,3.83,73.0,1916.0,492.0,34.5,84.0,0
58.9,2.54,96.4,1174.0,370.0,24.1,29.0,0
42.5,1.82,35.0,2563.0,1263.0,75.4,26.0,0
78.5,2.86,69.5,1421.0,284.0,76.6,2.0,1
71.4,3.62,86.3,1980.0,863.0,21.6,35.0,0
61.6,1.6,60.7,2456.0,1047.0,86.3,30.0,0
41.8,4.07,49.0,2562.0,876.0,51.2,92.0,0
60.5,3.18,98.8,1124.0,1710.0,83.4,69.0,0
44.5,4.15,31.3,2049.0,886.0,75.2,22.0,0
75.5,2.82,52.9,2353.0,166.0,83.0,69.0,1
67.7,7.22,89.9,2129.0,1984.0,78.3,28.0,1
59.1,3.58,92.0,2839.0,1690.0,88.2,52.0,0
28.8,4.42,98.4,1648.0,1320.0,64.0,107.0,1
46.2,4.06,90.8,973.0,1513.0,35.9,87.0,1
66.3,2.63,24.1,2546.0,256.0,47.3,78.0,0
72.6,3.4,94.4,1805.0,1532.0,72.6,34.0,1
71.3,2.01,54.3,1133.0,415.0,31.0,16.0,0
38.9,6.93,72.1,2013.0,978.0,85.1,91.0,1
61.6,3.81,51.5,2777.0,356.0,34.4,69.0,0
70.2,1.75,85.1,1405.0,1508.0,81.3,75.0,1
38.1,6.06,66.1,3385.0,492.0,53.9,117.0,0
57.9,2.72,87.6,1639.0,506.0,78.8,42.0,0
61.3,4.78,35.5,2148.0,218.0,87.1,96.0,0
54.4,0.93,34.8,1429.0,1441.0,49.6,68.0,0
35.8,5.45,55.2,2123.0,592.0,68.8,29.0,1
54.1,3.72,20.4,2026.0,1037.0,35.9,7.0,0
54.1,1.66,75.4,1281.0,664.0,76.1,74.0,0
56.2,3.69,43.7,3600.0,1549.0,77.4,36.0,0
51.2,6.54,64.6,1828.0,453.0,40.7,84.0,0
52.7,2.05,25.6,1828.0,1882.0,21.7,84.0,0
57.5,2.03,33.7,2633.0,643.0,50.2,55.0,0
63.3,2.61,69.8,3098.0,208.0,31.9,65.0,0
54.3,3.05,44.5,2720.0,481.0,77.3,76.0,0
53.1,4.95,37.2,1439.0,148.0,38.3,57.0,0
59.1,3.84,38.3,2218.0,937.0,86.1,105.0,0
34.9,2.61,37.2,1065.0,501.0,88.0,10.0,0
63.7,3.48,69.8,2596.0,1772.0,83.6,118.0,1
58.0,7.14,33.4,1201.0,1034.0,62.0,5.0,0
58.5,4.22,49.0,1658.0,467.0,38.7,26.0,0
69.5,2.78,75.0,2098.0,903.0,76.5,85.0,0
34.6,2.56,61.1,2345.0,392.0,69.1,11.0,0
34.3,3.37,67.8,1956.0,357.0,88.4,32.0,1
61.3,4.92,40.1,2935.0,601.0,46.4,19.0,0
57.9,1.87,94.6,2498.0,217.0,24.1,87.0,0
60.0,4.55,53.1,2455.0,377.0,89.9,70.0,0
52.5,2.74,43.0,1424.0,1876.0,78.7,9.0,0
66.0,2.99,92.3,3035.0,1334.0,35.5,56.0,0
69.2,10.25,72.4,1658.0,1842.0,70.8,26.0,1
63.8,4.29,69.1,3056.0,514.0,20.0,116.0,0
54.9,2.15,90.9,3212.0,1714.0,59.0,14.0,0
32.7,3.72,24.7,2382.0,725.0,45.4,72.0,1
67.2,5.06,87.0,2668.0,288.0,46.7,58.0,0
72.7,4.32,74.2,600.0,1609.0,37.1,70.0,1
65.7,0.61,48.8,1993.0,119.0,39.2,115.0,0
47.4,2.92,40.5,2706.0,810.0,51.8,42.0,0
66.1,3.81,28.4,2608.0,1639.0,37.4,90.0,0
68.3,3.64,95.3,1429.0,1234.0,52.7,54.0,1
76.7,2.25,31.4,1938.0,1036.0,60.4,80.0,1
47.5,4.36,40.8,705.0,707.0,69.8,45.0,0
55.3,5.47,75.3,2327.0,150.0,67.4,28.0,0
67.0,0.97,76.8,1064.0,1982.0,36.9,11.0,1
58.7,0.9,32.9,2722.0,350.0,22.7,13.0,0
44.6,3.7,85.1,2750.0,511.0,78.3,115.0,0
63.0,4.56,60.8,1839.0,472.0,81.1,95.0,0
64.9,2.05,87.9,2387.0,1816.0,88.5,30.0,0
59.1,0.64,27.0,1981.0,1527.0,87.2,64.0,0
60.6,2.95,23.4,2233.0,915.0,64.4,86.0,0
54.9,3.67,71.0,1469.0,1911.0,82.6,43.0,0
75.7,2.48,32.0,2442.0,106.0,51.4,53.0,0
47.2,5.13,62.0,1197.0,1787.0,75.1,86.0,1
51.0,3.54,21.1,1094.0,121.0,86.9,28.0,0
58.1,1.92,82.4,2033.0,782.0,75.7,64.0,0
68.5,2.04,92.0,1984.0,108.0,49.1,26.0,0
40.0,2.98,87.1,2250.0,1998.0,46.4,1.0,0
42.3,2.38,96.7,1743.0,1829.0,40.4,83.0,1
33.5,0.86,92.2,3137.0,1170.0,45.7,85.0,1
58.4,3.37,55.5,2188.0,436.0,77.4,119.0,0
44.6,2.08,51.9,2228.0,554.0,69.1,23.0,0
53.4,2.3,91.7,2208.0,899.0,37.5,89.0,0
65.9,1.49,94.2,2652.0,646.0,69.8,114.0,0
50.3,6.64,97.8,2417.0,43.0,46.6,78.0,0
60.8,4.15,81.5,2343.0,1313.0,59.0,116.0,0
54.4,7.54,36.2,2505.0,1227.0,45.9,119.0,0
66.1,2.48,95.6,1096.0,1809.0,56.5,96.0,1
63.7,4.28,95.8,1117.0,954.0,71.1,120.0,1
49.7,3.4,73.3,2058.0,689.0,71.2,75.0,0
56.0,1.97,88.6,1991.0,1023.0,72.7,60.0,0
70.5,2.46,64.9,2419.0,389.0,47.4,110.0,1
62.7,4.15,95.5,2111.0,1251.0,68.3,100.0,0
41.2,1.48,27.5,2420.0,1540.0,36.7,14.0,1
65.9,5.15,89.1,1415.0,307.0,53.4,37.0,0
45.0,3.24,24.4,2094.0,637.0,60.8,32.0,0
75.0,4.78,47.1,1362.0,1736.0,68.1,103.0,1
70.3,3.68,30.8,2313.0,1011.0,83.8,29.0,0
61.5,0.97,58.3,1067.0,1064.0,41.3,37.0,0
59.9,2.92,38.6,2292.0,1445.0,79.2,63.0,0
55.5,5.22,96.2,1292.0,1156.0,41.8,10.0,0
66.1,3.22,64.7,1889.0,139.0,58.6,115.0,1
53.6,2.96,91.8,2592.0,1608.0,78.0,59.0,0
60.8,3.21,42.2,2225.0,1846.0,70.6,24.0,0
68.5,0.81,22.1,1195.0,107.0,80.4,33.0,0
51.3,5.51,82.1,1730.0,242.0,77.0,96.0,0
50.6,0.51,76.2,1274.0,1404.0,39.3,76.0,1
43.7,6.15,63.6,1168.0,1209.0,89.5,56.0,1
45.2,2.37,85.2,2165.0,765.0,85.6,40.0,0
36.1,3.82,87.2,2408.0,1078.0,50.1,108.0,1
66.8,0.76,67.0,2342.0,1407.0,23.3,93.0,0
79.7,4.53,97.3,2431.0,1009.0,41.2,86.0,1
75.1,4.11,77.6,2093.0,280.0,78.5,54.0,1
38.5,3.97,74.2,1950.0,179.0,86.6,118.0,0
66.7,0.73,48.9,1510.0,878.0,78.2,85.0,1
75.1,1.8,20.2,1858.0,1846.0,47.8,51.0,1
52.5,3.69,39.3,1373.0,1116.0,24.0,115.0,1
59.2,5.43,81.1,1635.0,716.0,56.2,108.0,1
33.9,1.63,76.8,2149.0,1817.0,46.3,89.0,1
61.2,1.66,46.5,2035.0,777.0,28.6,92.0,0
45.2,3.55,70.0,3600.0,1018.0,27.4,51.0,0
60.4,9.75,35.6,1360.0,233.0,30.7,61.0,0
39.3,1.99,41.1,2031.0,1475.0,34.4,24.0,1
64.5,2.35,95.8,1317.0,1401.0,72.8,72.0,0
70.3,2.14,53.1,1887.0,1588.0,46.7,45.0,1
48.6,2.75,39.6,1909.0,650.0,50.6,42.0,0
44.4,5.67,59.0,2565.0,872.0,61.9,114.0,0
32.1,2.84,51.0,1853.0,337.0,87.2,21.0,1
54.8,10.26,78.4,1995.0,1929.0,73.0,100.0,1
51.0,3.15,97.0,1863.0,172.0,65.2,34.0,0
39.4,5.97,67.3,1329.0,1298.0,72.1,4.0,1
63.4,2.46,67.3,1741.0,1411.0,70.4,6.0,0
52.6,1.28,49.2,1890.0,315.0,68.3,52.0,0
45.1,2.83,65.2,2141.0,731.0,54.7,55.0,0
51.3,4.01,45.5,2407.0,86.0,59.7,39.0,0
70.9,1.81,20.1,1971.0,1113.0,52.3,81.0,1
65.2,5.46,89.3,1961.0,1990.0,47.6,59.0,0
56.4,2.21,54.4,1154.0,860.0,39.0,10.0,0
65.4,1.49,59.4,2397.0,1980.0,44.9,42.0,0
44.1,9.2,26.7,1717.0,252.0,50.0,13.0,0
58.4,1.75,87.0,2511.0,785.0,60.6,8.0,0
59.8,2.17,33.6,2824.0,1804.0,55.0,26.0,0
52.4,4.38,52.8,1997.0,1753.0,27.6,84.0,0
63.2,2.41,87.2,1537.0,647.0,43.8,84.0,0
48.6,1.52,56.6,2091.0,1357.0,46.3,104.0,0
64.1,2.03,94.5,2292.0,1772.0,69.5,91.0,0
64.6,7.81,36.7,1926.0,1534.0,43.3,65.0,1
28.0,4.09,77.2,1790.0,1257.0,20.6,38.0,1
72.3,4.55,98.2,2410.0,305.0,25.9,2.0,0
28.0,3.45,64.0,2374.0,146.0,54.8,78.0,1
50.6,3.79,75.4,1910.0,1229.0,33.2,35.0,0
70.3,2.3,51.5,1190.0,1001.0,54.6,31.0,0
54.2,3.2,80.1,2351.0,476.0,60.2,117.0,0
40.4,0.68,92.7,1678.0,586.0,85.3,22.0,0
44.9,5.03,76.2,2218.0,784.0,65.9,5.0,0
70.3,2.29,94.9,2183.0,991.0,22.2,114.0,1
34.9,1.36,67.1,1061.0,781.0,46.7,37.0,1
71.5,3.31,66.2,2145.0,775.0,75.5,48.0,1
57.3,2.63,44.4,2383.0,231.0,38.2,11.0,0
43.7,4.93,76.8,2450.0,1731.0,84.7,49.0,0
51.0,2.87,90.6,2165.0,1218.0,57.0,117.0,0
45.8,2.01,71.7,1013.0,292.0,26.5,84.0,0
68.4,2.91,38.6,2802.0,848.0,36.9,57.0,0
66.8,6.35,63.5,2326.0,833.0,83.4,38.0,0
37.4,5.02,80.5,1438.0,1201.0,89.4,45.0,1
53.2,4.08,95.1,1667.0,1218.0,80.4,74.0,0
47.6,5.15,32.5,2227.0,1290.0,42.4,31.0,0
73.5,4.26,30.2,2474.0,1396.0,73.8,19.0,1
41.8,1.67,53.0,1832.0,207.0,35.6,84.0,0
77.3,4.57,30.0,2554.0,610.0,46.9,104.0,1
57.6,5.49,98.4,1114.0,35.0,68.8,108.0,0
44.1,5.66,53.9,1527.0,909.0,87.8,101.0,0
49.9,1.44,62.7,965.0,859.0,50.7,64.0,0
48.4,2.17,38.2,1606.0,1469.0,54.7,95.0,0
42.7,1.97,55.9,2929.0,334.0,35.4,111.0,0
59.1,2.45,98.8,3232.0,1263.0,48.2,4.0,0
43.3,3.84,59.1,2229.0,613.0,24.4,50.0,1
31.8,3.26,20.7,1749.0,764.0,80.1,25.0,1
53.4,3.26,39.4,1978.0,1439.0,21.6,120.0,1
36.4,1.18,98.3,2360.0,143.0,67.8,112.0,1
49.0,2.12,99.1,1240.0,686.0,39.1,96.0,0
47.1,5.89,36.8,1785.0,783.0,53.3,36.0,0
47.5,5.47,69.2,2889.0,1431.0,39.7,114.0,1
82.0,2.84,26.2,1525.0,398.0,48.0,4.0,1
58.7,4.58,66.2,1688.0,1895.0,58.3,23.0,0
60.9,3.65,30.1,2107.0,1996.0,64.9,74.0,0
36.7,4.86,85.5,2256.0,1638.0,85.8,95.0,1
50.2,4.69,95.2,1756.0,599.0,43.3,106.0,0
60.6,2.98,33.8,2142.0,1328.0,60.9,37.0,0
45.7,4.09,57.0,2434.0,166.0,83.1,48.0,0
68.9,3.78,28.2,3179.0,1743.0,40.3,55.0,0
43.6,3.03,47.1,2031.0,1032.0,80.6,4.0,0
54.6,2.65,25.2,2077.0,353.0,87.0,104.0,1
51.0,7.23,41.2,2940.0,655.0,79.3,41.0,0
60.0,3.03,99.2,1798.0,1601.0,59.9,25.0,0
50.3,4.42,23.6,1372.0,1740.0,70.5,50.0,0
54.7,6.93,88.7,2238.0,1039.0,53.7,86.0,1
55.2,4.09,26.2,2692.0,961.0,61.8,105.0,0
49.2,3.99,62.3,2299.0,1501.0,88.2,27.0,0
63.8,3.04,56.2,2047.0,1652.0,37.6,22.0,0
60.9,3.82,94.5,1303.0,1530.0,75.5,113.0,1
56.9,2.52,35.9,2068.0,769.0,55.4,67.0,0
52.8,10.99,34.4,2778.0,1284.0,32.4,45.0,0
67.6,1.2,79.9,1421.0,1715.0,65.0,25.0,0
55.2,2.75,78.1,1965.0,304.0,75.5,119.0,0
54.3,4.13,75.9,1887.0,776.0,59.8,87.0,0
59.3,3.99,22.1,1716.0,113.0,78.6,27.0,0
78.4,2.52,40.8,2236.0,818.0,45.6,12.0,1
41.9,0.91,87.2,2344.0,1545.0,84.0,25.0,0
67.2,1.34,68.1,2338.0,394.0,65.4,30.0,0
35.3,3.4,68.2,1563.0,1084.0,76.2,14.0,1
60.6,0.71,43.7,1195.0,73.0,39.1,28.0,0
76.9,4.29,40.8,2244.0,1795.0,51.2,15.0,1
63.9,5.73,95.7,1822.0,1640.0,83.7,46.0,1
60.0,4.72,78.2,3111.0,1049.0,23.6,59.0,0
51.3,5.25,30.1,3136.0,1412.0,48.3,55.0,0
58.4,0.74,95.0,3195.0,208.0,74.6,100.0,0
55.0,2.58,66.6,1583.0,1690.0,72.1,31.0,0
48.6,1.58,46.7,2413.0,1431.0,79.6,107.0,0
54.5,1.03,51.8,2579.0,240.0,71.8,109.0,0
60.4,2.26,78.0,2517.0,1961.0,86.3,115.0,0
48.8,6.83,50.1,1905.0,45.0,54.9,23.0,0
48.3,7.87,66.3,2804.0,1257.0,63.7,30.0,0
41.7,1.72,76.8,2100.0,344.0,79.3,75.0,0
62.7,3.16,35.6,2170.0,1439.0,69.1,18.0,0
64.5,3.79,95.5,1254.0,141.0,27.1,11.0,0
60.8,2.59,48.5,2455.0,162.0,45.7,10.0,0
69.6,5.96,53.5,1957.0,933.0,58.7,73.0,0
59.1,2.28,75.9,2356.0,1988.0,72.8,97.0,0
62.7,2.05,68.7,2229.0,553.0,58.0,32.0,0
61.6,1.78,55.2,2200.0,1225.0,74.4,112.0,0
56.9,2.58,72.0,2075.0,1037.0,78.6,95.0,0
51.6,0.35,92.2,2533.0,1684.0,38.6,10.0,0
84.6,2.65,84.0,1991.0,577.0,63.1,49.0,1
